Date,Area,GSI,Sex
2024/3/20,kam,8.3%,
2024/3/20,kam,8.5%,
2024/3/20,kam,7.6%,
2024/3/20,kam,8.4%,
2024/3/20,kam,5.6%,
2024/3/20,kam,8.1%,
2024/3/20,kam,7.3%,
2024/3/20,kam,7.9%,
2024/3/20,kam,7.5%,
2024/3/20,kam,6.8%,
2024/3/20,kam,7.6%,
2024/3/20,kam,8.5%,
2024/3/20,kam,6.1%,
2024/3/20,kam,6.3%,
2024/3/20,kam,6.5%,
2024/3/20,kam,5.7%,
2024/3/20,kam,7.2%,
2024/3/20,kam,8.7%,
2024/3/20,kam,8.2%,
2024/3/20,kam,8.0%,
2024/3/27,kam,13.1%,
2024/3/27,kam,10.3%,
2024/3/27,kam,9.3%,
2024/3/27,kam,11.5%,
2024/3/27,kam,7.8%,
2024/3/27,kam,8.5%,
2024/3/27,kam,9.9%,
2024/3/27,kam,8.0%,
2024/3/27,kam,6.5%,
2024/3/27,kam,7.0%,
2024/3/27,kam,4.2%,
2024/3/27,kam,5.9%,
2024/3/27,kam,7.7%,
2024/3/27,kam,8.2%,
2024/3/27,kam,9.4%,
2024/3/27,kam,9.8%,
2024/3/27,kam,8.3%,
2024/3/27,kam,9.3%,
2024/3/27,kam,8.9%,
2024/3/27,kam,8.5%,
2024/4/3,kam,8.8%,
2024/4/3,kam,8.0%,
2024/4/3,kam,7.8%,
2024/4/3,kam,7.6%,
2024/4/3,kam,10.2%,
2024/4/3,kam,5.7%,
2024/4/3,kam,7.6%,
2024/4/3,kam,7.1%,
2024/4/3,kam,11.5%,
2024/4/3,kam,6.1%,
2024/4/3,kam,9.1%,
2024/4/3,kam,7.0%,
2024/4/3,kam,11.7%,
2024/4/3,kam,9.7%,
2024/4/3,kam,10.1%,
2024/4/3,kam,7.1%,
2024/4/3,kam,8.6%,
2024/4/3,kam,12.6%,
2024/4/3,kam,5.9%,
2024/4/3,kam,10.5%,
2024/4/9,kam,10.8%,
2024/4/9,kam,7.7%,
2024/4/9,kam,11.8%,
2024/4/9,kam,10.4%,
2024/4/9,kam,10.0%,
2024/4/9,kam,12.4%,
2024/4/9,kam,9.9%,
2024/4/9,kam,10.4%,
2024/4/9,kam,12.5%,
2024/4/9,kam,12.4%,
2024/4/9,kam,7.0%,
2024/4/9,kam,11.6%,
2024/4/9,kam,9.9%,
2024/4/9,kam,10.5%,
2024/4/9,kam,11.5%,
2024/4/9,kam,9.4%,
2024/4/9,kam,10.4%,
2024/4/9,kam,10.8%,
2024/4/9,kam,7.1%,
2024/4/9,kam,8.6%,
2024/4/12,kam,7.8%,
2024/4/12,kam,7.0%,
2024/4/12,kam,11.3%,
2024/4/12,kam,8.3%,
2024/4/12,kam,8.6%,
2024/4/12,kam,8.5%,
2024/4/12,kam,9.2%,
2024/4/12,kam,9.0%,
2024/4/12,kam,8.4%,
2024/4/12,kam,9.4%,
2024/4/12,kam,9.1%,
2024/4/12,kam,7.0%,
2024/4/12,kam,11.7%,
2024/4/12,kam,9.3%,
2024/4/12,kam,9.9%,
2024/4/12,kam,7.0%,
2024/4/12,kam,13.3%,
2024/4/12,kam,10.5%,
2024/4/12,kam,7.3%,
2024/4/12,kam,8.6%,
2024/4/16,kam,11.7%,
2024/4/16,kam,7.5%,
2024/4/16,kam,10.8%,
2024/4/16,kam,8.0%,
2024/4/16,kam,9.7%,
2024/4/16,kam,10.7%,
2024/4/16,kam,13.1%,
2024/4/16,kam,10.1%,
2024/4/16,kam,10.3%,
2024/4/16,kam,8.8%,
2024/4/16,kam,9.1%,
2024/4/16,kam,11.2%,
2024/4/16,kam,4.6%,
2024/4/16,kam,8.3%,
2024/4/16,kam,10.1%,
2024/4/16,kam,8.6%,
2024/4/16,kam,10.3%,
2024/4/16,kam,8.6%,
2024/4/16,kam,9.1%,
2024/4/16,kam,4.9%,
2024/4/19,kam,9.9%,
2024/4/19,kam,11.0%,
2024/4/19,kam,8.0%,
2024/4/19,kam,10.9%,
2024/4/19,kam,7.6%,
2024/4/19,kam,12.1%,
2024/4/19,kam,10.2%,
2024/4/19,kam,11.1%,
2024/4/19,kam,11.8%,
2024/4/19,kam,11.8%,
2024/4/19,kam,13.9%,
2024/4/19,kam,8.6%,
2024/4/19,kam,7.8%,
2024/4/19,kam,8.1%,
2024/4/19,kam,11.3%,
2024/4/19,kam,7.7%,
2024/4/19,kam,9.9%,
2024/4/19,kam,4.1%,
2024/4/19,kam,13.2%,
2024/4/19,kam,14.3%,
2024/4/22,kam,#DIV/0!,
2024/4/22,kam,#DIV/0!,
2024/4/22,kam,#DIV/0!,
2024/4/22,kam,#DIV/0!,
2024/4/22,kam,#DIV/0!,
2024/4/22,kam,#DIV/0!,
2024/4/22,kam,#DIV/0!,
2024/4/22,kam,#DIV/0!,
2024/4/22,kam,#DIV/0!,
2024/4/22,kam,#DIV/0!,
2024/4/23,kam,8.0%,
2024/4/23,kam,12.3%,
2024/4/23,kam,10.0%,
2024/4/23,kam,10.0%,
2024/4/23,kam,8.3%,
2024/4/23,kam,11.1%,
2024/4/23,kam,9.6%,
2024/4/23,kam,10.2%,
2024/4/23,kam,6.2%,
2024/4/23,kam,9.8%,
2024/4/23,kam,13.6%,
2024/4/23,kam,7.6%,
2024/4/23,kam,10.0%,
2024/4/23,kam,10.1%,
2024/4/23,kam,10.3%,
2024/4/23,kam,9.6%,
2024/4/23,kam,11.2%,
2024/4/23,kam,14.9%,
2024/4/23,kam,11.0%,
2024/4/23,kam,14.2%,
2024/4/26,kam,3.4%,
2024/4/26,kam,5.0%,
2024/4/26,kam,10.8%,
2024/4/26,kam,4.9%,
2024/4/26,kam,5.9%,
2024/4/26,kam,6.7%,
2024/4/26,kam,6.6%,
2024/4/26,kam,15.0%,
2024/4/26,kam,5.3%,
2024/4/26,kam,10.8%,
2024/4/26,kam,4.7%,
2024/4/26,kam,6.8%,
2024/4/26,kam,8.7%,
2024/4/26,kam,4.6%,
2024/4/26,kam,9.2%,
2024/4/26,kam,9.5%,
2024/4/26,kam,13.0%,
2024/4/26,kam,3.9%,
2024/4/26,kam,5.8%,
2024/4/26,kam,6.1%,
2024/4/30,kam,8.4%,
2024/4/30,kam,5.7%,
2024/4/30,kam,8.3%,
2024/4/30,kam,7.8%,
2024/4/30,kam,8.0%,
2024/4/30,kam,4.8%,
2024/4/30,kam,6.7%,
2024/4/30,kam,6.9%,
2024/4/30,kam,9.9%,
2024/4/30,kam,4.7%,
2024/4/30,kam,7.8%,
2024/4/30,kam,4.5%,
2024/4/30,kam,8.7%,
2024/4/30,kam,8.1%,
2024/4/30,kam,6.9%,
2024/4/30,kam,7.5%,
2024/4/30,kam,6.5%,
2024/4/30,kam,9.2%,
2024/4/30,kam,7.5%,
2024/4/30,kam,4.6%,
2024/5/2,kam,4.4%,
2024/5/2,kam,4.0%,
2024/5/2,kam,5.2%,
2024/5/2,kam,4.1%,
2024/5/2,kam,5.8%,
2024/5/2,kam,7.2%,
2024/5/2,kam,7.0%,
2024/5/2,kam,5.1%,
2024/5/2,kam,6.6%,
2024/5/2,kam,5.4%,
2024/5/2,kam,5.5%,
2024/5/2,kam,4.4%,
2024/5/2,kam,4.4%,
2024/5/2,kam,5.5%,
2024/5/2,kam,6.9%,
2024/5/2,kam,4.0%,
2024/5/2,kam,5.1%,
2024/5/2,kam,5.6%,
2024/5/2,kam,5.3%,
2024/5/2,kam,5.3%,
2025/3/19,kam,9.3%,
2025/3/19,kam,9.5%,
2025/3/19,kam,9.5%,
2025/3/19,kam,7.8%,
2025/3/19,kam,5.0%,
2025/3/19,kam,8.3%,
2025/3/19,kam,6.1%,
2025/3/19,kam,9.3%,
2025/3/19,kam,6.6%,
2025/3/19,kam,8.6%,
2025/3/19,kam,8.2%,
2025/3/19,kam,5.2%,
2025/3/19,kam,6.8%,
2025/3/19,kam,6.9%,
2025/3/19,kam,7.5%,
2025/3/19,kam,6.1%,
2025/3/19,kam,5.5%,
2025/3/19,kam,8.6%,
2025/3/19,kam,10.3%,
2025/3/19,kam,9.0%,
2025/3/25,kam,4.7%,
2025/3/25,kam,6.2%,
2025/3/25,kam,7.8%,
2025/3/25,kam,5.5%,
2025/3/25,kam,5.4%,
2025/3/25,kam,6.4%,
2025/3/25,kam,6.4%,
2025/3/25,kam,7.6%,
2025/3/25,kam,7.0%,
2025/3/25,kam,8.8%,
2025/3/25,kam,5.7%,
2025/3/25,kam,5.7%,
2025/3/25,kam,5.7%,
2025/3/25,kam,7.4%,
2025/3/25,kam,7.3%,
2025/3/25,kam,6.9%,
2025/3/25,kam,6.6%,
2025/3/25,kam,7.3%,
2025/3/25,kam,3.7%,
2025/3/25,kam,7.6%,
2025/4/2,kam,7.1%,
2025/4/2,kam,7.4%,
2025/4/2,kam,11.4%,
2025/4/2,kam,10.1%,
2025/4/2,kam,9.1%,
2025/4/2,kam,8.5%,
2025/4/2,kam,7.9%,
2025/4/2,kam,6.1%,
2025/4/2,kam,7.5%,
2025/4/2,kam,8.6%,
2025/4/2,kam,6.4%,
2025/4/2,kam,8.7%,
2025/4/2,kam,11.0%,
2025/4/2,kam,8.0%,
2025/4/2,kam,8.7%,
2025/4/2,kam,9.1%,
2025/4/2,kam,11.3%,
2025/4/2,kam,7.8%,
2025/4/2,kam,7.5%,
2025/4/2,kam,8.8%,
2025/4/8,kam,9.1%,
2025/4/8,kam,7.1%,
2025/4/8,kam,13.7%,
2025/4/8,kam,20.4%,
2025/4/8,kam,7.6%,
2025/4/8,kam,8.6%,
2025/4/8,kam,5.8%,
2025/4/8,kam,8.4%,
2025/4/8,kam,9.0%,
2025/4/8,kam,7.7%,
2025/4/8,kam,6.3%,
2025/4/8,kam,10.9%,
2025/4/8,kam,10.6%,
2025/4/8,kam,5.3%,
2025/4/8,kam,8.4%,
2025/4/8,kam,7.9%,
2025/4/8,kam,6.4%,
2025/4/8,kam,6.2%,
2025/4/8,kam,9.8%,
2025/4/8,kam,10.1%,
2025/4/15,kam,7.6%,
2025/4/15,kam,7.3%,
2025/4/15,kam,7.1%,
2025/4/15,kam,11.4%,
2025/4/15,kam,8.0%,
2025/4/15,kam,7.2%,
2025/4/15,kam,8.5%,
2025/4/15,kam,6.2%,
2025/4/15,kam,6.7%,
2025/4/15,kam,6.0%,
2025/4/15,kam,8.9%,
2025/4/15,kam,8.3%,
2025/4/15,kam,7.4%,
2025/4/15,kam,5.7%,
2025/4/15,kam,5.3%,
2025/4/15,kam,8.7%,
2025/4/15,kam,9.7%,
2025/4/15,kam,10.2%,
2025/4/15,kam,7.0%,
2025/4/15,kam,5.3%,
2025/4/22,kam,3.2%,
2025/4/22,kam,10.0%,
2025/4/22,kam,5.0%,
2025/4/22,kam,5.7%,
2025/4/22,kam,5.1%,
2025/4/22,kam,6.6%,
2025/4/22,kam,6.8%,
2025/4/22,kam,7.1%,
2025/4/22,kam,3.6%,
2025/4/22,kam,6.0%,
2025/4/22,kam,5.9%,
2025/4/22,kam,4.3%,
2025/4/22,kam,6.2%,
2025/4/22,kam,8.0%,
2025/4/22,kam,7.5%,
2025/4/22,kam,6.7%,
2025/4/22,kam,6.5%,
2025/4/22,kam,5.3%,
2025/4/22,kam,5.4%,
2025/4/22,kam,6.3%,
2025/5/7,kam,4.3%,
2025/5/7,kam,2.3%,
2025/5/7,kam,6.8%,
2025/5/7,kam,5.2%,
2025/5/7,kam,3.6%,
2025/5/7,kam,6.5%,
2025/5/7,kam,3.8%,
2025/5/7,kam,2.8%,
2025/5/7,kam,7.9%,
2025/5/7,kam,5.6%,
2025/5/7,kam,4.6%,
2025/5/7,kam,5.4%,
2025/5/7,kam,6.1%,
2025/5/7,kam,3.4%,
2025/5/7,kam,3.1%,
2025/5/7,kam,6.0%,
2025/5/7,kam,3.6%,
2025/5/7,kam,2.9%,
2025/5/7,kam,5.6%,
2025/5/7,kam,4.9%,
2025/3/5,16_tom,5.2%,
2025/3/5,16_tom,4.5%,
2025/3/5,16_tom,4.4%,
2025/3/5,16_tom,3.3%,
2025/3/5,16_tom,3.9%,
2025/3/5,16_tom,5.2%,
2025/3/5,16_tom,5.2%,
2025/3/5,16_tom,4.4%,
2025/3/5,16_tom,4.1%,
2025/3/5,16_tom,5.2%,
2025/3/5,16_tom,5.4%,
2025/3/5,16_tom,3.0%,
2025/3/5,16_tom,5.2%,
2025/3/5,16_tom,5.0%,
2025/3/5,16_tom,4.4%,
2025/3/5,16_tom,4.8%,
2025/3/5,16_tom,3.8%,
2025/3/5,16_tom,4.4%,
2025/3/5,16_tom,5.8%,
2025/3/5,16_tom,3.8%,
2025/3/5,16_tom,2.6%,
2025/3/5,16_tom,2.5%,
2025/3/5,16_tom,5.0%,
2025/3/5,16_tom,3.2%,
2025/3/5,16_tom,3.5%,
2025/3/5,16_tom,2.4%,
2025/3/5,16_tom,4.9%,
2025/3/5,16_tom,5.2%,
2025/3/5,16_tom,5.9%,
2025/3/5,16_tom,3.8%,
2023/3/31,kam,10.3%,
2023/3/31,kam,9.7%,
2023/3/31,kam,6.4%,
2023/3/31,kam,8.4%,
2023/3/31,kam,6.9%,
2023/3/31,kam,8.8%,
2023/3/31,kam,10.6%,
2023/3/31,kam,8.2%,
2023/3/31,kam,10.7%,
2023/3/31,kam,6.9%,
2023/3/31,kam,11.8%,
2023/3/31,kam,4.3%,
2023/3/31,kam,8.1%,
2023/3/31,kam,7.4%,
2023/3/31,kam,9.9%,
2023/3/31,kam,7.2%,
2023/3/31,kam,8.3%,
2023/3/31,kam,8.8%,
2023/3/31,kam,9.7%,
2023/3/31,kam,6.3%,
2022/3/24,kam,6.8%,
2022/3/24,kam,3.8%,
2022/3/24,kam,6.6%,
2022/3/24,kam,4.6%,
2022/3/24,kam,6.9%,
2022/3/24,kam,6.7%,
2022/3/24,kam,6.8%,
2022/3/24,kam,6.0%,
2022/3/24,kam,4.9%,
2022/3/24,kam,7.9%,
2022/3/24,kam,5.8%,
2022/3/24,kam,4.8%,
2022/3/24,kam,6.3%,
2022/3/24,kam,7.7%,
2022/3/24,kam,4.8%,
2022/3/24,kam,6.2%,
2022/3/24,kam,5.0%,
2022/3/24,kam,6.5%,
2022/3/24,kam,5.0%,
2022/3/24,kam,5.2%,
2022/3/31,kam,5.3%,
2022/3/31,kam,4.6%,
2022/3/31,kam,6.0%,
2022/3/31,kam,5.1%,
2022/3/31,kam,5.2%,
2022/3/31,kam,3.7%,
2022/3/31,kam,6.3%,
2022/3/31,kam,8.3%,
2022/3/31,kam,7.6%,
2022/3/31,kam,5.0%,
2022/3/31,kam,6.0%,
2022/3/31,kam,6.6%,
2022/3/31,kam,6.9%,
2022/3/31,kam,5.8%,
2022/3/31,kam,3.2%,
2022/3/31,kam,6.9%,
2022/3/31,kam,5.7%,
2022/3/31,kam,9.1%,
2022/3/31,kam,3.8%,
2022/3/31,kam,4.7%,
2022/4/8,kam,5.6%,
2022/4/8,kam,5.7%,
2022/4/8,kam,7.7%,
2022/4/8,kam,5.5%,
2022/4/8,kam,7.4%,
2022/4/8,kam,5.0%,
2022/4/8,kam,6.8%,
2022/4/8,kam,5.1%,
2022/4/8,kam,6.2%,
2022/4/8,kam,5.1%,
2022/4/8,kam,5.9%,
2022/4/8,kam,5.9%,
2022/4/8,kam,9.2%,
2022/4/8,kam,6.4%,
2022/4/8,kam,4.6%,
2022/4/8,kam,5.7%,
2022/4/8,kam,4.9%,
2022/4/8,kam,9.2%,
2022/4/8,kam,7.0%,
2022/4/8,kam,4.0%,
2022/4/13,kam,6.2%,
2022/4/13,kam,8.1%,
2022/4/13,kam,5.2%,
2022/4/13,kam,6.2%,
2022/4/13,kam,9.9%,
2022/4/13,kam,4.6%,
2022/4/13,kam,6.8%,
2022/4/13,kam,5.0%,
2022/4/13,kam,5.1%,
2022/4/13,kam,5.8%,
2022/4/13,kam,4.4%,
2022/4/13,kam,4.4%,
2022/4/13,kam,6.8%,
2022/4/13,kam,5.6%,
2022/4/13,kam,6.3%,
2022/4/13,kam,6.3%,
2022/4/13,kam,4.0%,
2022/4/13,kam,4.7%,
2022/4/13,kam,6.9%,
2022/4/13,kam,4.8%,
2022/4/19,kam,9.6%,
2022/4/19,kam,5.9%,
2022/4/19,kam,8.4%,
2022/4/19,kam,5.1%,
2022/4/19,kam,5.6%,
2022/4/19,kam,7.3%,
2022/4/19,kam,7.0%,
2022/4/19,kam,7.4%,
2022/4/19,kam,7.2%,
2022/4/19,kam,5.2%,
2022/4/19,kam,5.6%,
2022/4/19,kam,7.9%,
2022/4/19,kam,4.0%,
2022/4/19,kam,5.2%,
2022/4/19,kam,5.7%,
2022/4/19,kam,4.0%,
2022/4/19,kam,5.1%,
2022/4/19,kam,6.5%,
2022/4/19,kam,5.9%,
2022/4/19,kam,4.7%,
2022/4/25,kam,3.9%,
2022/4/25,kam,5.9%,
2022/4/25,kam,5.8%,
2022/4/25,kam,3.5%,
2022/4/25,kam,3.2%,
2022/4/25,kam,2.8%,
2022/4/25,kam,2.6%,
2022/4/25,kam,3.9%,
2022/4/25,kam,4.2%,
2022/4/25,kam,4.4%,
2022/4/25,kam,4.8%,
2022/4/25,kam,4.8%,
2022/4/25,kam,4.2%,
2022/4/25,kam,3.4%,
2022/4/25,kam,4.9%,
2022/4/25,kam,4.6%,
2022/4/25,kam,4.5%,
2022/4/25,kam,4.1%,
2022/4/25,kam,4.6%,
2022/4/25,kam,3.5%,
2021/3/26,kam,5.3%,
2021/3/26,kam,7.7%,
2021/3/26,kam,4.6%,
2021/3/26,kam,7.1%,
2021/3/26,kam,5.5%,
2021/3/26,kam,7.5%,
2021/3/26,kam,7.7%,
2021/3/26,kam,5.4%,
2021/3/26,kam,3.8%,
2021/3/26,kam,6.0%,
2021/3/26,kam,4.6%,
2021/3/26,kam,5.9%,
2021/3/26,kam,6.1%,
2021/3/26,kam,8.7%,
2021/3/26,kam,6.1%,
2021/3/26,kam,9.1%,
2021/3/26,kam,8.5%,
2021/3/26,kam,8.4%,
2021/3/26,kam,5.8%,
2021/3/26,kam,6.4%,
2021/4/2,kam,5.8%,
2021/4/2,kam,4.0%,
2021/4/2,kam,5.8%,
2021/4/2,kam,6.0%,
2021/4/2,kam,6.9%,
2021/4/2,kam,7.4%,
2021/4/2,kam,6.0%,
2021/4/2,kam,7.4%,
2021/4/2,kam,6.3%,
2021/4/2,kam,5.4%,
2021/4/2,kam,10.0%,
2021/4/2,kam,7.2%,
2021/4/2,kam,7.0%,
2021/4/2,kam,6.2%,
2021/4/2,kam,9.3%,
2021/4/2,kam,5.4%,
2021/4/2,kam,6.6%,
2021/4/2,kam,7.5%,
2021/4/2,kam,6.5%,
2021/4/2,kam,6.9%,
2021/4/6,kam,7.9%,
2021/4/6,kam,12.0%,
2021/4/6,kam,8.9%,
2021/4/6,kam,7.3%,
2021/4/6,kam,5.3%,
2021/4/6,kam,8.4%,
2021/4/6,kam,8.5%,
2021/4/6,kam,10.9%,
2021/4/6,kam,7.8%,
2021/4/6,kam,9.1%,
2021/4/6,kam,9.5%,
2021/4/6,kam,8.2%,
2021/4/6,kam,10.0%,
2021/4/6,kam,9.1%,
2021/4/6,kam,9.0%,
2021/4/6,kam,7.7%,
2021/4/6,kam,7.9%,
2021/4/6,kam,10.8%,
2021/4/6,kam,11.6%,
2021/4/6,kam,9.0%,
2021/4/16,kam,5.0%,
2021/4/16,kam,5.1%,
2021/4/16,kam,13.1%,
2021/4/16,kam,13.0%,
2021/4/16,kam,10.1%,
2021/4/16,kam,11.1%,
2021/4/16,kam,11.4%,
2021/4/16,kam,10.0%,
2021/4/16,kam,5.1%,
2021/4/16,kam,4.8%,
2021/4/16,kam,9.5%,
2021/4/16,kam,7.3%,
2021/4/16,kam,12.8%,
2021/4/16,kam,5.8%,
2021/4/16,kam,11.9%,
2021/4/16,kam,9.9%,
2021/4/16,kam,8.8%,
2021/4/16,kam,10.6%,
2021/4/16,kam,7.0%,
2021/4/16,kam,8.8%,
2021/4/22,kam,4.3%,
2021/4/22,kam,5.8%,
2021/4/22,kam,7.6%,
2021/4/22,kam,11.0%,
2021/4/22,kam,14.5%,
2021/4/22,kam,3.5%,
2021/4/22,kam,10.1%,
2021/4/22,kam,13.0%,
2021/4/22,kam,10.7%,
2021/4/22,kam,6.0%,
2021/4/22,kam,10.3%,
2021/4/22,kam,9.4%,
2021/4/22,kam,6.3%,
2021/4/22,kam,4.5%,
2021/4/22,kam,7.9%,
2021/4/22,kam,14.1%,
2021/4/22,kam,11.3%,
2021/4/22,kam,9.6%,
2021/4/22,kam,8.4%,
2021/4/22,kam,5.4%,
2021/5/11,kam,2.5%,
2021/5/11,kam,2.6%,
2021/5/11,kam,3.0%,
2021/5/11,kam,3.4%,
2021/5/11,kam,3.3%,
2021/5/11,kam,3.5%,
2021/5/11,kam,4.3%,
2021/5/11,kam,3.7%,
2021/5/11,kam,4.6%,
2021/5/11,kam,3.3%,
2021/5/11,kam,3.7%,
2021/5/11,kam,6.4%,
2021/5/11,kam,2.4%,
2021/5/11,kam,3.2%,
2021/5/11,kam,3.2%,
2021/5/11,kam,2.4%,
2021/5/11,kam,2.1%,
2021/5/11,kam,5.1%,
2021/5/11,kam,1.7%,
2021/5/11,kam,2.4%,
2020/3/24,kam,11.5%,
2020/3/24,kam,14.6%,
2020/3/24,kam,10.1%,
2020/3/24,kam,7.9%,
2020/3/24,kam,12.0%,
2020/3/24,kam,10.4%,
2020/3/24,kam,11.2%,
2020/3/24,kam,9.4%,
2020/3/24,kam,12.0%,
2020/3/24,kam,12.8%,
2020/3/24,kam,11.6%,
2020/3/24,kam,14.5%,
2020/3/24,kam,11.4%,
2020/3/24,kam,12.1%,
2020/3/24,kam,7.8%,
2020/3/24,kam,10.4%,
2020/3/24,kam,11.7%,
2020/3/24,kam,8.1%,
2020/3/24,kam,11.5%,
2020/3/24,kam,11.5%,
2020/3/30,kam,8.7%,
2020/3/30,kam,7.3%,
2020/3/30,kam,7.1%,
2020/3/30,kam,9.7%,
2020/3/30,kam,9.9%,
2020/3/30,kam,9.3%,
2020/3/30,kam,7.7%,
2020/3/30,kam,8.5%,
2020/3/30,kam,10.8%,
2020/3/30,kam,8.8%,
2020/3/30,kam,8.6%,
2020/3/30,kam,6.5%,
2020/3/30,kam,7.9%,
2020/3/30,kam,9.4%,
2020/3/30,kam,8.3%,
2020/3/30,kam,5.6%,
2020/3/30,kam,8.5%,
2020/3/30,kam,8.2%,
2020/3/30,kam,6.9%,
2020/3/30,kam,7.4%,
2020/4/8,kam,9.0%,
2020/4/8,kam,7.9%,
2020/4/8,kam,6.9%,
2020/4/8,kam,7.7%,
2020/4/8,kam,9.5%,
2020/4/8,kam,6.6%,
2020/4/8,kam,6.8%,
2020/4/8,kam,9.5%,
2020/4/8,kam,5.2%,
2020/4/8,kam,8.6%,
2020/4/8,kam,6.3%,
2020/4/8,kam,5.1%,
2020/4/8,kam,8.8%,
2020/4/8,kam,9.3%,
2020/4/8,kam,7.8%,
2020/4/8,kam,7.3%,
2020/4/8,kam,8.3%,
2020/4/8,kam,15.9%,
2020/4/8,kam,5.7%,
2020/4/8,kam,8.1%,
2020/4/13,kam,8.9%,
2020/4/13,kam,8.9%,
2020/4/13,kam,7.2%,
2020/4/13,kam,8.0%,
2020/4/13,kam,10.9%,
2020/4/13,kam,6.4%,
2020/4/13,kam,6.6%,
2020/4/13,kam,8.0%,
2020/4/13,kam,6.0%,
2020/4/13,kam,10.1%,
2020/4/13,kam,5.6%,
2020/4/13,kam,7.2%,
2020/4/13,kam,8.1%,
2020/4/13,kam,5.6%,
2020/4/13,kam,15.6%,
2020/4/13,kam,7.0%,
2020/4/13,kam,7.2%,
2020/4/13,kam,10.1%,
2020/4/13,kam,10.1%,
2020/4/13,kam,9.0%,
2020/4/25,kam,6.2%,
2020/4/25,kam,4.3%,
2020/4/25,kam,5.4%,
2020/4/25,kam,7.7%,
2020/4/25,kam,5.9%,
2020/4/25,kam,7.5%,
2020/4/25,kam,4.5%,
2020/4/25,kam,7.1%,
2020/4/25,kam,5.2%,
2020/4/25,kam,5.7%,
2020/4/25,kam,4.9%,
2020/4/25,kam,5.4%,
2020/4/25,kam,6.7%,
2020/4/25,kam,6.6%,
2020/4/25,kam,5.8%,
2020/4/25,kam,3.9%,
2020/4/25,kam,3.4%,
2020/4/25,kam,8.5%,
2020/4/25,kam,2.6%,
2020/4/25,kam,9.1%,
2019/3/26,kam,12.4%,
2019/3/26,kam,8.2%,
2019/3/26,kam,11.0%,
2019/3/26,kam,10.8%,
2019/3/26,kam,10.5%,
2019/3/26,kam,9.9%,
2019/3/26,kam,9.5%,
2019/3/26,kam,11.2%,
2019/3/26,kam,9.6%,
2019/3/26,kam,12.5%,
2019/3/26,kam,10.8%,
2019/3/26,kam,11.2%,
2019/3/26,kam,7.8%,
2019/3/26,kam,10.6%,
2019/3/26,kam,11.8%,
2019/3/26,kam,10.5%,
2019/3/26,kam,12.7%,
2019/3/26,kam,10.1%,
2019/3/26,kam,10.4%,
2019/3/26,kam,8.4%,
2019/3/26,kam,12.9%,
2019/3/26,kam,19.5%,
2019/4/1,kam,18.1%,
2019/4/1,kam,13.3%,
2019/4/1,kam,16.6%,
2019/4/1,kam,12.2%,
2019/4/1,kam,19.7%,
2019/4/1,kam,14.9%,
2019/4/1,kam,12.4%,
2019/4/1,kam,15.5%,
2019/4/1,kam,17.0%,
2019/4/1,kam,9.6%,
2019/4/1,kam,14.0%,
2019/4/1,kam,12.5%,
2019/4/1,kam,9.2%,
2019/4/1,kam,9.9%,
2019/4/1,kam,14.1%,
2019/4/1,kam,12.8%,
2019/4/1,kam,13.8%,
2019/4/1,kam,8.4%,
2019/4/1,kam,11.0%,
2019/4/1,kam,13.5%,
2019/4/8,kam,8.2%,
2019/4/8,kam,6.8%,
2019/4/8,kam,6.8%,
2019/4/8,kam,10.9%,
2019/4/8,kam,8.8%,
2019/4/8,kam,8.7%,
2019/4/8,kam,9.1%,
2019/4/8,kam,6.1%,
2019/4/8,kam,9.3%,
2019/4/8,kam,5.9%,
2019/4/8,kam,5.6%,
2019/4/8,kam,9.6%,
2019/4/8,kam,8.4%,
2019/4/8,kam,9.6%,
2019/4/8,kam,11.3%,
2019/4/8,kam,10.2%,
2019/4/8,kam,10.4%,
2019/4/8,kam,9.4%,
2019/4/8,kam,6.8%,
2019/4/8,kam,11.1%,
2019/4/15,kam,7.0%,
2019/4/15,kam,7.9%,
2019/4/15,kam,8.3%,
2019/4/15,kam,6.5%,
2019/4/15,kam,7.1%,
2019/4/15,kam,7.7%,
2019/4/15,kam,9.7%,
2019/4/15,kam,9.5%,
2019/4/15,kam,10.2%,
2019/4/15,kam,3.8%,
2019/4/15,kam,9.9%,
2019/4/15,kam,10.2%,
2019/4/15,kam,10.6%,
2019/4/15,kam,6.2%,
2019/4/15,kam,8.5%,
2019/4/15,kam,5.6%,
2019/4/15,kam,9.1%,
2019/4/15,kam,8.1%,
2019/4/15,kam,6.9%,
2019/4/15,kam,9.2%,
2018/3/22,kam,6.6%,
2018/3/22,kam,8.8%,
2018/3/22,kam,10.5%,
2018/3/22,kam,5.2%,
2018/3/22,kam,6.9%,
2018/3/22,kam,6.2%,
2018/3/22,kam,6.5%,
2018/3/22,kam,4.8%,
2018/3/22,kam,5.2%,
2018/3/22,kam,9.8%,
2018/3/22,kam,12.1%,
2018/3/22,kam,9.0%,
2018/3/22,kam,7.4%,
2018/3/22,kam,5.6%,
2018/3/22,kam,7.3%,
2018/3/22,kam,5.5%,
2018/3/22,kam,6.8%,
2018/3/22,kam,6.7%,
2018/3/22,kam,8.7%,
2018/3/22,kam,5.1%,
2018/3/29,kam,8.2%,
2018/3/29,kam,6.4%,
2018/3/29,kam,6.1%,
2018/3/29,kam,6.0%,
2018/3/29,kam,5.8%,
2018/3/29,kam,6.5%,
2018/3/29,kam,9.8%,
2018/3/29,kam,7.1%,
2018/3/29,kam,6.8%,
2018/3/29,kam,6.1%,
2018/3/29,kam,8.8%,
2018/3/29,kam,7.5%,
2018/3/29,kam,8.7%,
2018/3/29,kam,5.8%,
2018/3/29,kam,4.9%,
2018/3/29,kam,5.9%,
2018/3/29,kam,6.9%,
2018/3/29,kam,8.2%,
2018/3/29,kam,9.4%,
2018/3/29,kam,4.7%,
2018/4/6,kam,8.9%,
2018/4/6,kam,9.7%,
2018/4/6,kam,12.5%,
2018/4/6,kam,7.4%,
2018/4/6,kam,7.0%,
2018/4/6,kam,8.6%,
2018/4/6,kam,10.3%,
2018/4/6,kam,7.1%,
2018/4/6,kam,9.2%,
2018/4/6,kam,5.4%,
2018/4/6,kam,8.3%,
2018/4/6,kam,7.9%,
2018/4/6,kam,3.9%,
2018/4/6,kam,14.8%,
2018/4/6,kam,9.1%,
2018/4/6,kam,5.7%,
2018/4/6,kam,13.3%,
2018/4/6,kam,11.8%,
2018/4/6,kam,9.1%,
2018/4/6,kam,9.9%,
2018/4/13,kam,14.8%,
2018/4/13,kam,12.0%,
2018/4/13,kam,8.1%,
2018/4/13,kam,11.3%,
2018/4/13,kam,11.6%,
2018/4/13,kam,9.6%,
2018/4/13,kam,8.2%,
2018/4/13,kam,7.8%,
2018/4/13,kam,12.8%,
2018/4/13,kam,10.6%,
2018/4/13,kam,6.0%,
2018/4/13,kam,7.3%,
2018/4/13,kam,9.4%,
2018/4/13,kam,8.8%,
2018/4/13,kam,13.1%,
2018/4/13,kam,10.1%,
2018/4/13,kam,9.4%,
2018/4/13,kam,14.9%,
2018/4/13,kam,10.1%,
2018/4/13,kam,10.6%,
2018/4/18,kam,12.5%,
2018/4/18,kam,9.1%,
2018/4/18,kam,6.5%,
2018/4/18,kam,10.2%,
2018/4/18,kam,10.4%,
2018/4/18,kam,11.3%,
2018/4/18,kam,13.3%,
2018/4/18,kam,12.7%,
2018/4/18,kam,4.6%,
2018/4/18,kam,11.8%,
2018/4/18,kam,9.6%,
2018/4/18,kam,10.1%,
2018/4/18,kam,10.1%,
2018/4/18,kam,11.0%,
2018/4/18,kam,9.6%,
2018/4/18,kam,11.4%,
2018/4/18,kam,5.6%,
2018/4/18,kam,10.5%,
2018/4/18,kam,7.1%,
2018/4/18,kam,15.3%,
2018/4/25,kam,5.5%,
2018/4/25,kam,4.5%,
2018/4/25,kam,6.9%,
2018/4/25,kam,5.5%,
2018/4/25,kam,6.7%,
2018/4/25,kam,5.7%,
2018/4/25,kam,6.1%,
2018/4/25,kam,7.2%,
2018/4/25,kam,4.7%,
2018/4/25,kam,3.2%,
2018/4/25,kam,6.3%,
2018/4/25,kam,8.1%,
2018/4/25,kam,5.3%,
2018/4/25,kam,7.6%,
2018/4/25,kam,5.1%,
2018/4/25,kam,5.5%,
2018/4/25,kam,7.8%,
2018/4/25,kam,7.9%,
2018/4/25,kam,4.8%,
2018/4/25,kam,2.9%,
2023/3/21,kam,5.0%,
2023/3/21,kam,7.3%,
2023/3/21,kam,5.9%,
2023/3/21,kam,8.3%,
2023/3/21,kam,9.7%,
2023/3/21,kam,8.5%,
2023/3/21,kam,6.5%,
2023/3/21,kam,7.2%,
2023/3/21,kam,8.2%,
2023/3/21,kam,7.3%,
2023/3/21,kam,7.9%,
2023/3/21,kam,6.8%,
2023/3/21,kam,9.0%,
2023/3/21,kam,6.1%,
2023/3/21,kam,7.5%,
2023/3/21,kam,6.4%,
2023/3/21,kam,5.4%,
2023/3/21,kam,6.6%,
2023/3/21,kam,7.2%,
2023/3/21,kam,7.8%,
2023/3/25,kam,8.4%,
2023/3/25,kam,8.0%,
2023/3/25,kam,6.1%,
2023/3/25,kam,7.4%,
2023/3/25,kam,6.9%,
2023/3/25,kam,9.5%,
2023/3/25,kam,8.5%,
2023/3/25,kam,7.6%,
2023/3/25,kam,4.6%,
2023/3/25,kam,7.7%,
2023/3/25,kam,7.5%,
2023/3/25,kam,8.2%,
2023/3/25,kam,12.0%,
2023/3/25,kam,8.6%,
2023/3/25,kam,6.6%,
2023/3/25,kam,5.7%,
2023/3/25,kam,7.5%,
2023/3/25,kam,9.3%,
2023/3/25,kam,9.5%,
2023/3/25,kam,5.8%,
2023/4/5,kam,7.3%,
2023/4/5,kam,6.5%,
2023/4/5,kam,7.4%,
2023/4/5,kam,3.8%,
2023/4/5,kam,8.6%,
2023/4/5,kam,7.5%,
2023/4/5,kam,4.5%,
2023/4/5,kam,3.0%,
2023/4/5,kam,7.2%,
2023/4/5,kam,6.0%,
2023/4/5,kam,8.7%,
2023/4/5,kam,7.7%,
2023/4/5,kam,7.8%,
2023/4/5,kam,4.4%,
2023/4/5,kam,6.9%,
2023/4/5,kam,5.4%,
2023/4/5,kam,6.0%,
2023/4/5,kam,8.0%,
2023/4/5,kam,4.6%,
2023/4/5,kam,5.5%,
2023/4/14,kam,4.4%,
2023/4/14,kam,3.4%,
2023/4/14,kam,4.0%,
2023/4/14,kam,2.9%,
2023/4/14,kam,4.1%,
2023/4/14,kam,4.5%,
2023/4/14,kam,4.2%,
2023/4/14,kam,4.1%,
2023/4/14,kam,6.5%,
2023/4/14,kam,4.6%,
2023/4/14,kam,6.0%,
2023/4/14,kam,6.4%,
2023/4/14,kam,5.3%,
2023/4/14,kam,3.3%,
2023/4/14,kam,5.1%,
2023/4/14,kam,4.0%,
2023/4/14,kam,5.7%,
2023/4/14,kam,5.3%,
2023/4/14,kam,6.0%,
2023/4/14,kam,6.4%,
2021/4/26,kam,4.9%,
2021/4/26,kam,8.3%,
2021/4/26,kam,5.3%,
2021/4/26,kam,9.3%,
2021/4/26,kam,9.2%,
2021/4/26,kam,8.8%,
2021/4/26,kam,8.4%,
2021/4/26,kam,7.1%,
2021/4/26,kam,8.6%,
2021/4/26,kam,9.6%,
2021/4/26,kam,6.9%,
2021/4/26,kam,7.4%,
2021/4/26,kam,6.1%,
2021/4/26,kam,8.7%,
2021/4/26,kam,11.2%,
2021/4/26,kam,10.4%,
2021/4/26,kam,4.3%,
2021/4/26,kam,8.3%,
2021/4/26,kam,9.2%,
2021/4/26,kam,8.4%,
2017/3/24,kam,11.3%,
2017/3/24,kam,10.0%,
2017/3/24,kam,10.4%,
2017/3/24,kam,11.0%,
2017/3/24,kam,7.2%,
2017/3/24,kam,11.8%,
2017/3/24,kam,10.6%,
2017/3/24,kam,6.5%,
2017/3/24,kam,13.1%,
2017/3/24,kam,11.1%,
2017/3/24,kam,9.5%,
2017/3/24,kam,5.8%,
2017/3/24,kam,8.8%,
2017/3/24,kam,9.8%,
2017/3/24,kam,10.2%,
2017/3/24,kam,6.6%,
2017/3/30,kam,5.8%,
2017/3/30,kam,7.3%,
2017/3/30,kam,7.2%,
2017/3/30,kam,12.1%,
2017/3/30,kam,7.6%,
2017/3/30,kam,16.2%,
2017/3/30,kam,8.5%,
2017/3/30,kam,9.3%,
2017/3/30,kam,7.5%,
2017/3/30,kam,9.1%,
2017/3/30,kam,8.7%,
2017/3/30,kam,10.8%,
2017/3/30,kam,12.9%,
2017/3/30,kam,7.6%,
2017/3/30,kam,8.1%,
2017/3/30,kam,10.2%,
2017/3/30,kam,8.6%,
2017/3/30,kam,13.5%,
2017/3/30,kam,11.9%,
2017/3/30,kam,11.1%,
2017/4/6,kam,9.8%,
2017/4/6,kam,6.9%,
2017/4/6,kam,9.0%,
2017/4/6,kam,5.6%,
2017/4/6,kam,5.1%,
2017/4/6,kam,7.8%,
2017/4/6,kam,8.1%,
2017/4/6,kam,9.3%,
2017/4/6,kam,4.6%,
2017/4/6,kam,5.8%,
2017/4/6,kam,11.0%,
2017/4/6,kam,8.2%,
2017/4/6,kam,8.9%,
2017/4/6,kam,5.0%,
2017/4/6,kam,6.3%,
2017/4/11,kam,4.4%,
2017/4/11,kam,6.4%,
2017/4/11,kam,6.5%,
2017/4/11,kam,8.5%,
2017/4/11,kam,5.8%,
2017/4/11,kam,6.6%,
2017/4/11,kam,8.6%,
2017/4/11,kam,6.6%,
2017/4/11,kam,6.1%,
2017/4/11,kam,8.1%,
2017/4/11,kam,6.7%,
2017/4/11,kam,5.2%,
2017/4/11,kam,8.4%,
2017/4/11,kam,7.1%,
2017/4/11,kam,5.7%,
2017/4/11,kam,6.8%,
2017/4/11,kam,5.4%,
2017/4/11,kam,7.7%,
2017/4/11,kam,6.8%,
2017/4/11,kam,6.2%,
2016/3/14,kam,8.3%,
2016/3/14,kam,6.1%,
2016/3/14,kam,8.1%,
2016/3/14,kam,8.8%,
2016/3/14,kam,5.3%,
2016/3/14,kam,2.7%,
2016/3/14,kam,5.6%,
2016/3/14,kam,7.4%,
2016/3/14,kam,10.2%,
2016/3/14,kam,8.6%,
2016/3/14,kam,7.4%,
2016/3/14,kam,7.6%,
2016/3/14,kam,7.6%,
2016/3/14,kam,5.4%,
2016/3/14,kam,8.7%,
2016/3/14,kam,8.8%,
2016/3/14,kam,6.5%,
2016/3/14,kam,9.1%,
2016/3/14,kam,7.2%,
2016/3/14,kam,9.4%,
2016/3/23,kam,9.7%,
2016/3/23,kam,7.8%,
2016/3/23,kam,3.4%,
2016/3/23,kam,8.1%,
2016/3/23,kam,6.4%,
2016/3/23,kam,9.1%,
2016/3/23,kam,8.6%,
2016/3/23,kam,8.2%,
2016/3/23,kam,5.9%,
2016/3/23,kam,6.0%,
2016/3/23,kam,6.7%,
2016/3/23,kam,9.9%,
2016/3/23,kam,7.0%,
2016/3/23,kam,7.5%,
2016/3/23,kam,7.4%,
2016/3/23,kam,12.1%,
2016/3/23,kam,6.1%,
2016/3/23,kam,8.6%,
2016/3/23,kam,9.7%,
2016/3/29,kam,14.4%,
2016/3/29,kam,10.2%,
2016/3/29,kam,14.2%,
2016/3/29,kam,10.8%,
2016/3/29,kam,10.1%,
2016/3/29,kam,5.9%,
2016/3/29,kam,13.4%,
2016/3/29,kam,10.2%,
2016/3/29,kam,10.3%,
2016/3/29,kam,11.7%,
2016/3/29,kam,15.1%,
2016/3/29,kam,9.9%,
2016/3/29,kam,12.2%,
2016/3/29,kam,13.7%,
2016/3/29,kam,6.0%,
2016/3/29,kam,11.2%,
2016/3/29,kam,11.4%,
2016/3/29,kam,14.6%,
2016/3/29,kam,8.3%,
2016/4/5,kam,10.4%,
2016/4/5,kam,10.6%,
2016/4/5,kam,6.3%,
2016/4/5,kam,13.1%,
2016/4/5,kam,9.7%,
2016/4/5,kam,9.2%,
2016/4/5,kam,11.6%,
2016/4/5,kam,5.2%,
2016/4/5,kam,10.2%,
2016/4/5,kam,10.7%,
2016/4/5,kam,9.6%,
2016/4/5,kam,10.9%,
2016/4/5,kam,7.2%,
2016/4/5,kam,9.1%,
2016/4/5,kam,13.1%,
2016/4/5,kam,9.7%,
2016/4/5,kam,12.8%,
2016/4/5,kam,5.0%,
2016/4/5,kam,3.5%,
2016/4/5,kam,7.7%,
2016/4/12,kam,8.8%,
2016/4/12,kam,5.6%,
2016/4/12,kam,7.2%,
2016/4/12,kam,7.5%,
2016/4/12,kam,5.9%,
2016/4/12,kam,5.7%,
2016/4/12,kam,7.3%,
2016/4/12,kam,6.2%,
2016/4/12,kam,5.4%,
2016/4/12,kam,5.8%,
2016/4/12,kam,7.8%,
2016/4/12,kam,6.6%,
2016/4/12,kam,10.9%,
2016/4/12,kam,5.8%,
2016/4/12,kam,6.1%,
2016/4/12,kam,7.0%,
2016/4/12,kam,7.2%,
2016/4/12,kam,5.4%,
2016/4/12,kam,6.9%,
2016/4/12,kam,7.5%,
2016/4/19,kam,8.7%,
2016/4/19,kam,6.8%,
2016/4/19,kam,11.2%,
2016/4/19,kam,5.9%,
2016/4/19,kam,7.6%,
2016/4/19,kam,7.5%,
2016/4/19,kam,8.4%,
2016/4/19,kam,9.4%,
2016/4/19,kam,6.7%,
2016/4/19,kam,10.0%,
2016/4/19,kam,11.2%,
2016/4/19,kam,8.5%,
2016/4/19,kam,9.0%,
2016/4/19,kam,9.3%,
2016/4/19,kam,6.0%,
2016/4/19,kam,9.2%,
2016/4/19,kam,7.2%,
2016/4/19,kam,7.9%,
2016/4/19,kam,1.1%,
2016/4/19,kam,3.4%,
2016/3/26,16_tom,9.0%,
2016/3/26,16_tom,10.0%,
2016/3/26,16_tom,10.0%,
2016/3/26,16_tom,12.1%,
2016/3/26,16_tom,7.8%,
2016/3/26,16_tom,8.2%,
2016/3/26,16_tom,9.0%,
2016/3/26,16_tom,7.8%,
2016/3/26,16_tom,6.6%,
2016/3/26,16_tom,8.8%,
2016/3/26,16_tom,7.9%,
2016/3/26,16_tom,7.3%,
2016/3/26,16_tom,7.7%,
2016/3/26,16_tom,9.9%,
2016/3/26,16_tom,8.6%,
2016/3/26,16_tom,5.0%,
2016/3/26,16_tom,9.2%,
2016/3/26,16_tom,7.1%,
2016/3/26,16_tom,7.4%,
2016/3/26,16_tom,10.0%,
2016/3/26,16_tom,10.4%,
2016/3/26,16_tom,5.2%,
2016/3/26,16_tom,10.5%,
2016/3/26,16_tom,10.3%,
2016/3/26,16_tom,9.6%,
2016/3/26,16_tom,10.8%,
2016/3/26,16_tom,8.1%,
2016/3/26,16_tom,5.9%,
2016/3/26,16_tom,9.7%,
2016/3/26,16_tom,7.8%,
2016/4/5,16_tom,10.2%,
2016/4/5,16_tom,7.2%,
2016/4/5,16_tom,13.2%,
2016/4/5,16_tom,9.4%,
2016/4/5,16_tom,8.2%,
2016/4/5,16_tom,9.9%,
2016/4/5,16_tom,7.3%,
2016/4/5,16_tom,9.3%,
2016/4/5,16_tom,9.5%,
2016/4/5,16_tom,10.4%,
2016/4/5,16_tom,8.3%,
2016/4/5,16_tom,13.0%,
2016/4/5,16_tom,8.9%,
2016/4/5,16_tom,9.2%,
2016/4/5,16_tom,11.6%,
2016/4/5,16_tom,11.3%,
2016/4/5,16_tom,5.7%,
2016/4/5,16_tom,6.0%,
2016/4/5,16_tom,10.0%,
2016/4/5,16_tom,7.2%,
2016/4/5,16_tom,6.3%,
2016/4/5,16_tom,8.0%,
2016/4/5,16_tom,10.0%,
2016/4/5,16_tom,7.8%,
2016/4/5,16_tom,6.6%,
2016/4/5,16_tom,11.5%,
2016/4/5,16_tom,8.1%,
2016/4/5,16_tom,10.9%,
2016/4/5,16_tom,11.3%,
2016/4/5,16_tom,9.7%,
2016/3/28,17_sut,5.6%,
2016/3/28,17_sut,6.9%,
2016/3/28,17_sut,9.9%,
2016/3/28,17_sut,9.2%,
2016/3/28,17_sut,8.4%,
2016/3/28,17_sut,8.9%,
2016/3/28,17_sut,10.3%,
2016/3/28,17_sut,12.5%,
2016/3/28,17_sut,9.2%,
2016/3/28,17_sut,9.0%,
2016/3/28,17_sut,10.0%,
2016/3/28,17_sut,9.8%,
2016/3/28,17_sut,3.3%,
2016/3/28,17_sut,7.8%,
2016/3/28,17_sut,11.0%,
2016/3/28,17_sut,10.2%,
2016/3/28,17_sut,8.7%,
2016/3/28,17_sut,10.2%,
2016/3/28,17_sut,8.7%,
2016/3/28,17_sut,7.4%,
2015/4/3,kam,7.7%,
2015/4/3,kam,12.1%,
2015/4/3,kam,12.2%,
2015/4/3,kam,9.5%,
2015/4/3,kam,8.0%,
2015/4/3,kam,2.6%,
2015/4/3,kam,8.6%,
2015/4/3,kam,12.0%,
2015/4/3,kam,8.8%,
2015/4/3,kam,2.5%,
2015/4/3,kam,11.5%,
2015/4/3,kam,9.9%,
2015/4/3,kam,5.0%,
2015/4/3,kam,9.7%,
2015/4/3,kam,10.8%,
2015/4/3,kam,8.6%,
2015/4/3,kam,13.4%,
2015/4/3,kam,11.1%,
2015/4/3,kam,9.5%,
2015/4/3,kam,9.0%,
2015/4/9,kam,6.1%,
2015/4/9,kam,5.5%,
2015/4/9,kam,5.3%,
2015/4/9,kam,6.8%,
2015/4/9,kam,4.1%,
2015/4/9,kam,4.2%,
2015/4/9,kam,9.4%,
2015/4/9,kam,5.7%,
2015/4/9,kam,3.1%,
2015/4/9,kam,8.7%,
2015/4/9,kam,6.3%,
2015/4/9,kam,5.9%,
2015/4/9,kam,5.5%,
2015/4/9,kam,7.3%,
2015/4/9,kam,6.9%,
2015/4/9,kam,5.5%,
2015/4/9,kam,6.2%,
2015/4/9,kam,9.4%,
2015/4/9,kam,6.9%,
2015/4/9,kam,4.2%,
2015/4/16,kam,4.2%,
2015/4/16,kam,4.5%,
2015/4/16,kam,5.0%,
2015/4/16,kam,5.3%,
2015/4/16,kam,4.6%,
2015/4/16,kam,4.7%,
2015/4/16,kam,7.5%,
2015/4/16,kam,4.9%,
2015/4/16,kam,5.4%,
2015/4/16,kam,3.0%,
2015/4/16,kam,6.1%,
2015/4/16,kam,4.0%,
2015/4/16,kam,7.1%,
2015/4/16,kam,5.4%,
2015/4/16,kam,5.9%,
2015/4/16,kam,5.9%,
2015/4/16,kam,5.8%,
2015/4/16,kam,8.3%,
2015/4/16,kam,6.8%,
2015/4/23,kam,4.0%,
2015/4/23,kam,2.3%,
2015/4/23,kam,4.4%,
2015/4/23,kam,5.5%,
2015/4/23,kam,3.9%,
2015/4/23,kam,3.8%,
2015/4/23,kam,3.3%,
2015/4/23,kam,4.3%,
2015/4/23,kam,3.8%,
2015/4/23,kam,3.7%,
2015/4/23,kam,3.1%,
2015/4/23,kam,3.5%,
2015/4/23,kam,3.7%,
2015/4/23,kam,5.9%,
2015/4/23,kam,5.3%,
2015/4/23,kam,4.5%,
2015/4/23,kam,2.8%,
2015/4/23,kam,4.7%,
2015/4/23,kam,3.5%,
2015/4/23,kam,2.8%,
2014/4/9,kam,14.4%,
2014/4/9,kam,14.9%,
2014/4/9,kam,13.3%,
2014/4/9,kam,14.1%,
2014/4/9,kam,17.2%,
2014/4/9,kam,10.9%,
2014/4/9,kam,13.8%,
2014/4/9,kam,14.1%,
2014/4/9,kam,14.2%,
2014/4/9,kam,12.8%,
2014/4/9,kam,13.1%,
2014/4/9,kam,11.3%,
2014/4/9,kam,15.6%,
2014/4/9,kam,14.1%,
2014/4/9,kam,13.1%,
2014/4/9,kam,13.1%,
2014/4/9,kam,15.3%,
2014/4/9,kam,11.4%,
2014/4/9,kam,13.5%,
2014/4/9,kam,12.4%,
2014/4/17,kam,7.8%,
2014/4/17,kam,13.1%,
2014/4/17,kam,9.5%,
2014/4/17,kam,10.6%,
2014/4/17,kam,12.6%,
2014/4/17,kam,8.2%,
2014/4/17,kam,15.1%,
2014/4/17,kam,12.2%,
2014/4/17,kam,11.7%,
2014/4/17,kam,13.8%,
2014/4/17,kam,12.1%,
2014/4/17,kam,14.1%,
2014/4/17,kam,11.4%,
2014/4/17,kam,13.5%,
2014/4/17,kam,10.7%,
2014/4/17,kam,10.9%,
2014/4/17,kam,9.9%,
2014/4/17,kam,9.0%,
2014/4/17,kam,9.0%,
2014/4/17,kam,11.6%,
2014/4/23,kam,9.0%,
2014/4/23,kam,8.7%,
2014/4/23,kam,9.8%,
2014/4/23,kam,8.1%,
2014/4/23,kam,9.8%,
2014/4/23,kam,8.6%,
2014/4/23,kam,8.8%,
2014/4/23,kam,4.6%,
2014/4/23,kam,8.8%,
2014/4/23,kam,8.2%,
2014/4/23,kam,6.5%,
2014/4/23,kam,8.9%,
2014/4/23,kam,11.3%,
2014/4/23,kam,9.3%,
2014/4/23,kam,5.6%,
2014/4/23,kam,9.6%,
2014/4/23,kam,6.0%,
2014/4/23,kam,7.3%,
2014/4/23,kam,7.1%,
2014/4/23,kam,7.7%,
2013/4/16,kam,9.0%,
2013/4/16,kam,7.4%,
2013/4/16,kam,6.8%,
2013/4/16,kam,6.1%,
2013/4/16,kam,7.9%,
2013/4/16,kam,10.5%,
2013/4/16,kam,10.6%,
2013/4/16,kam,7.6%,
2013/4/16,kam,12.1%,
2013/4/16,kam,12.8%,
2013/4/16,kam,12.1%,
2013/4/16,kam,11.9%,
2013/4/16,kam,10.9%,
2013/4/16,kam,12.2%,
2013/4/16,kam,7.1%,
2013/4/16,kam,9.7%,
2013/4/16,kam,11.0%,
2013/4/16,kam,10.6%,
2013/4/16,kam,15.6%,
2013/4/23,kam,8.7%,
2013/4/23,kam,8.5%,
2013/4/23,kam,8.8%,
2013/4/23,kam,11.3%,
2013/4/23,kam,8.3%,
2013/4/23,kam,4.6%,
2013/4/23,kam,6.7%,
2013/4/23,kam,7.2%,
2013/4/23,kam,7.4%,
2013/4/23,kam,9.0%,
2013/4/23,kam,9.0%,
2013/4/23,kam,9.6%,
2013/4/23,kam,7.7%,
2013/4/23,kam,6.1%,
2013/4/23,kam,7.4%,
2013/4/23,kam,10.4%,
2013/4/23,kam,6.8%,
2013/4/23,kam,9.8%,
2013/4/23,kam,8.3%,
2013/4/23,kam,8.3%,
2013/4/30,kam,5.1%,
2013/4/30,kam,6.1%,
2013/4/30,kam,7.0%,
2013/4/30,kam,5.1%,
2013/4/30,kam,7.9%,
2013/4/30,kam,6.4%,
2013/4/30,kam,9.1%,
2013/4/30,kam,7.2%,
2013/4/30,kam,8.5%,
2013/4/30,kam,4.2%,
2013/4/30,kam,6.9%,
2013/4/30,kam,6.7%,
2013/4/30,kam,3.4%,
2013/4/30,kam,6.2%,
2013/4/30,kam,8.0%,
2013/4/30,kam,4.7%,
2013/4/30,kam,7.8%,
2013/4/30,kam,6.1%,
2013/4/30,kam,7.1%,
2013/4/30,kam,8.4%,
2013/5/7,kam,4.5%,
2013/5/7,kam,7.4%,
2013/5/7,kam,6.9%,
2013/5/7,kam,8.0%,
2013/5/7,kam,7.1%,
2013/5/7,kam,7.5%,
2013/5/7,kam,5.8%,
2013/5/7,kam,6.8%,
2013/5/7,kam,7.6%,
2013/5/7,kam,7.4%,
2013/5/7,kam,6.4%,
2013/5/7,kam,7.7%,
2013/5/7,kam,4.8%,
2013/5/7,kam,6.0%,
2013/5/7,kam,6.3%,
2013/5/7,kam,4.8%,
2013/5/7,kam,5.6%,
2013/5/7,kam,5.7%,
2013/5/7,kam,4.6%,
2013/5/7,kam,4.3%,
2014/4/4,kam,12.2%,
2014/4/4,kam,12.9%,
2014/4/4,kam,13.6%,
2014/4/4,kam,13.4%,
2014/4/4,kam,13.5%,
2014/4/4,kam,11.8%,
2014/4/4,kam,12.3%,
2014/4/4,kam,14.7%,
2014/4/4,kam,11.3%,
2014/4/4,kam,10.7%,
2014/4/4,kam,13.3%,
2014/4/4,kam,5.3%,
2014/4/4,kam,11.7%,
2014/4/4,kam,14.4%,
2014/4/4,kam,13.1%,
2014/4/4,kam,10.9%,
2014/4/4,kam,15.2%,
2014/4/4,kam,13.9%,
2014/4/4,kam,8.0%,
2014/4/4,kam,12.0%,
2008/3/7,14_ota,4.8%,
2008/3/7,14_ota,4.6%,
2008/3/7,14_ota,4.4%,
2008/3/7,14_ota,4.1%,
2008/3/7,14_ota,8.2%,
2008/3/7,14_ota,5.6%,
2008/3/7,14_ota,4.9%,
2008/3/7,14_ota,5.2%,
2008/3/7,14_ota,4.3%,
2008/3/7,14_ota,4.6%,
2008/3/7,14_ota,6.0%,
2008/3/7,14_ota,6.6%,
2008/3/7,14_ota,7.1%,
2008/3/7,14_ota,3.6%,
2008/3/7,14_ota,8.2%,
2008/3/7,14_ota,4.9%,
2008/3/7,14_ota,7.1%,
2008/3/7,14_ota,4.7%,
2008/3/7,14_ota,3.9%,
2008/3/7,14_ota,4.2%,
2008/3/7,14_ota,5.2%,
2008/3/7,14_ota,4.5%,
2008/3/7,14_ota,6.0%,
2008/3/7,14_ota,3.6%,
2008/3/7,14_ota,6.8%,
2008/3/7,14_ota,4.7%,
2008/3/7,14_ota,4.2%,
2008/3/7,14_ota,6.1%,
2008/3/7,14_ota,4.5%,
2008/3/7,14_ota,6.3%,
2008/3/25,14_ota,13.9%,
2008/3/25,14_ota,10.9%,
2008/3/25,14_ota,9.7%,
2008/3/25,14_ota,10.4%,
2008/3/25,14_ota,11.5%,
2008/3/25,14_ota,12.5%,
2008/3/25,14_ota,12.6%,
2008/3/25,14_ota,11.2%,
2008/3/25,14_ota,7.3%,
2008/3/25,14_ota,14.0%,
2008/3/25,14_ota,9.1%,
2008/3/25,14_ota,10.0%,
2008/3/25,14_ota,8.4%,
2008/3/25,14_ota,9.1%,
2008/3/25,14_ota,10.3%,
2008/3/25,14_ota,11.0%,
2008/3/25,14_ota,9.6%,
2008/3/25,14_ota,10.9%,
2008/3/25,14_ota,10.3%,
2008/3/25,14_ota,10.5%,
2008/3/25,14_ota,11.1%,
2008/3/25,14_ota,9.6%,
2008/3/25,14_ota,10.9%,
2008/3/25,14_ota,8.0%,
2008/3/25,14_ota,9.4%,
2008/3/25,14_ota,10.6%,
2008/3/25,14_ota,9.7%,
2008/3/25,14_ota,13.0%,
2008/3/25,14_ota,9.0%,
2008/3/25,14_ota,10.2%,
2008/4/3,14_ota,13.4%,
2008/4/3,14_ota,12.1%,
2008/4/3,14_ota,10.0%,
2008/4/3,14_ota,12.0%,
2008/4/3,14_ota,10.0%,
2008/4/3,14_ota,15.4%,
2008/4/3,14_ota,10.8%,
2008/4/3,14_ota,11.6%,
2008/4/3,14_ota,13.9%,
2008/4/3,14_ota,10.2%,
2008/4/3,14_ota,9.6%,
2008/4/3,14_ota,11.6%,
2008/4/3,14_ota,11.3%,
2008/4/3,14_ota,7.9%,
2008/4/3,14_ota,10.6%,
2008/4/3,14_ota,10.6%,
2008/4/3,14_ota,11.6%,
2008/4/3,14_ota,11.1%,
2008/4/3,14_ota,9.9%,
2008/4/3,14_ota,9.5%,
2008/4/3,14_ota,10.3%,
2008/4/3,14_ota,10.8%,
2008/4/3,14_ota,11.8%,
2008/4/3,14_ota,8.1%,
2008/4/3,14_ota,7.5%,
2008/4/3,14_ota,10.2%,
2008/4/3,14_ota,11.6%,
2008/4/3,14_ota,8.4%,
2008/4/3,14_ota,12.0%,
2008/4/3,14_ota,8.6%,
2008/4/8,14_ota,11.1%,
2008/4/8,14_ota,12.1%,
2008/4/8,14_ota,8.6%,
2008/4/8,14_ota,8.0%,
2008/4/8,14_ota,8.7%,
2008/4/8,14_ota,12.1%,
2008/4/8,14_ota,11.5%,
2008/4/8,14_ota,11.8%,
2008/4/8,14_ota,10.5%,
2008/4/8,14_ota,7.8%,
2008/4/8,14_ota,7.1%,
2008/4/8,14_ota,11.9%,
2008/4/8,14_ota,8.2%,
2008/4/8,14_ota,8.9%,
2008/4/8,14_ota,10.8%,
2008/4/8,14_ota,7.2%,
2008/4/8,14_ota,11.1%,
2008/4/8,14_ota,12.5%,
2008/4/8,14_ota,11.7%,
2008/4/8,14_ota,10.0%,
2008/4/8,14_ota,8.0%,
2008/4/8,14_ota,12.6%,
2008/4/8,14_ota,13.1%,
2008/4/8,14_ota,11.6%,
2008/4/8,14_ota,11.7%,
2008/4/8,14_ota,9.1%,
2008/4/8,14_ota,11.9%,
2008/4/8,14_ota,10.8%,
2008/4/8,14_ota,10.8%,
2008/4/8,14_ota,12.5%,
2008/4/15,14_ota,4.2%,
2008/4/15,14_ota,6.8%,
2008/4/15,14_ota,8.7%,
2008/4/15,14_ota,6.9%,
2008/4/15,14_ota,5.0%,
2008/4/15,14_ota,5.3%,
2008/4/15,14_ota,6.8%,
2008/4/15,14_ota,5.6%,
2008/4/15,14_ota,7.1%,
2008/4/15,14_ota,9.2%,
2008/4/15,14_ota,8.6%,
2008/4/15,14_ota,6.8%,
2008/4/15,14_ota,6.5%,
2008/4/15,14_ota,4.8%,
2008/4/15,14_ota,8.6%,
2008/4/15,14_ota,9.3%,
2008/4/15,14_ota,6.5%,
2008/4/15,14_ota,6.0%,
2008/4/15,14_ota,6.3%,
2008/4/15,14_ota,8.1%,
2008/4/15,14_ota,6.5%,
2008/4/15,14_ota,5.5%,
2008/4/15,14_ota,6.4%,
2008/4/15,14_ota,7.6%,
2008/4/15,14_ota,8.5%,
2008/4/15,14_ota,10.0%,
2008/4/15,14_ota,8.9%,
2008/4/15,14_ota,6.0%,
2008/4/15,14_ota,6.7%,
2008/4/15,14_ota,8.2%,
2008/4/22,14_ota,4.2%,
2008/4/22,14_ota,5.5%,
2008/4/22,14_ota,5.7%,
2008/4/22,14_ota,9.5%,
2008/4/22,14_ota,4.6%,
2008/4/22,14_ota,2.9%,
2008/4/22,14_ota,5.6%,
2008/4/22,14_ota,6.7%,
2008/4/22,14_ota,6.7%,
2008/4/22,14_ota,11.4%,
2008/4/22,14_ota,4.2%,
2008/4/22,14_ota,4.6%,
2008/4/22,14_ota,4.2%,
2008/4/22,14_ota,5.1%,
2008/4/22,14_ota,6.5%,
2008/4/22,14_ota,4.0%,
2008/4/22,14_ota,4.8%,
2008/4/22,14_ota,6.5%,
2008/4/22,14_ota,6.5%,
2008/4/22,14_ota,4.3%,
2008/4/22,14_ota,5.8%,
2008/4/22,14_ota,8.6%,
2008/4/22,14_ota,7.3%,
2008/4/22,14_ota,5.2%,
2008/4/22,14_ota,6.9%,
2008/4/22,14_ota,5.6%,
2008/4/22,14_ota,8.6%,
2008/4/22,14_ota,4.7%,
2008/4/22,14_ota,5.8%,
2008/4/22,14_ota,5.2%,
2008/5/2,14_ota,2.9%,
2008/5/2,14_ota,2.3%,
2008/5/2,14_ota,5.3%,
2008/5/2,14_ota,4.2%,
2008/5/2,14_ota,2.9%,
2008/5/2,14_ota,3.3%,
2008/5/2,14_ota,2.8%,
2008/5/2,14_ota,3.2%,
2008/5/2,14_ota,6.3%,
2008/5/2,14_ota,2.9%,
2008/5/2,14_ota,3.8%,
2008/5/2,14_ota,4.2%,
2008/5/2,14_ota,2.5%,
2008/5/2,14_ota,2.5%,
2008/5/2,14_ota,2.8%,
2008/5/2,14_ota,4.8%,
2008/5/2,14_ota,4.1%,
2008/5/2,14_ota,3.8%,
2008/5/2,14_ota,4.9%,
2008/5/2,14_ota,6.9%,
2008/5/2,14_ota,2.4%,
2008/5/2,14_ota,5.3%,
2008/5/2,14_ota,5.3%,
2008/5/2,14_ota,3.3%,
2008/5/2,14_ota,4.0%,
2008/5/2,14_ota,3.4%,
2008/5/2,14_ota,4.4%,
2008/5/2,14_ota,4.5%,
2008/5/2,14_ota,4.7%,
2008/5/2,14_ota,2.8%,
2009/3/9,14_ota,5.6%,
2009/3/9,14_ota,5.2%,
2009/3/9,14_ota,5.7%,
2009/3/9,14_ota,6.5%,
2009/3/9,14_ota,5.8%,
2009/3/9,14_ota,6.4%,
2009/3/9,14_ota,6.7%,
2009/3/9,14_ota,6.3%,
2009/3/9,14_ota,6.2%,
2009/3/9,14_ota,6.1%,
2009/3/9,14_ota,6.8%,
2009/3/9,14_ota,6.9%,
2009/3/9,14_ota,6.5%,
2009/3/9,14_ota,6.2%,
2009/3/9,14_ota,7.4%,
2009/3/9,14_ota,6.1%,
2009/3/9,14_ota,6.7%,
2009/3/9,14_ota,7.2%,
2009/3/9,14_ota,7.4%,
2009/3/9,14_ota,8.4%,
2009/3/9,14_ota,7.4%,
2009/3/9,14_ota,6.8%,
2009/3/9,14_ota,7.1%,
2009/3/9,14_ota,8.0%,
2009/3/9,14_ota,8.0%,
2009/3/9,14_ota,8.2%,
2009/3/9,14_ota,8.4%,
2009/3/9,14_ota,8.6%,
2009/3/9,14_ota,8.2%,
2009/3/9,14_ota,8.3%,
2009/3/16,14_ota,6.9%,
2009/3/16,14_ota,10.3%,
2009/3/16,14_ota,8.1%,
2009/3/16,14_ota,10.0%,
2009/3/16,14_ota,6.7%,
2009/3/16,14_ota,8.6%,
2009/3/16,14_ota,7.2%,
2009/3/16,14_ota,9.9%,
2009/3/16,14_ota,8.3%,
2009/3/16,14_ota,8.3%,
2009/3/16,14_ota,9.2%,
2009/3/16,14_ota,7.2%,
2009/3/16,14_ota,8.5%,
2009/3/16,14_ota,8.1%,
2009/3/16,14_ota,5.8%,
2009/3/16,14_ota,8.1%,
2009/3/16,14_ota,6.6%,
2009/3/16,14_ota,8.2%,
2009/3/16,14_ota,7.2%,
2009/3/16,14_ota,6.8%,
2009/3/16,14_ota,6.1%,
2009/3/16,14_ota,6.1%,
2009/3/16,14_ota,5.9%,
2009/3/16,14_ota,6.9%,
2009/3/16,14_ota,8.3%,
2009/3/16,14_ota,5.7%,
2009/3/16,14_ota,9.1%,
2009/3/16,14_ota,6.5%,
2009/3/16,14_ota,5.7%,
2009/3/16,14_ota,6.3%,
2009/3/23,14_ota,9.9%,
2009/3/23,14_ota,11.6%,
2009/3/23,14_ota,8.3%,
2009/3/23,14_ota,8.1%,
2009/3/23,14_ota,10.0%,
2009/3/23,14_ota,8.5%,
2009/3/23,14_ota,10.3%,
2009/3/23,14_ota,6.0%,
2009/3/23,14_ota,7.4%,
2009/3/23,14_ota,9.6%,
2009/3/23,14_ota,7.1%,
2009/3/23,14_ota,7.4%,
2009/3/23,14_ota,11.1%,
2009/3/23,14_ota,8.8%,
2009/3/23,14_ota,10.1%,
2009/3/23,14_ota,10.4%,
2009/3/23,14_ota,7.1%,
2009/3/23,14_ota,8.4%,
2009/3/23,14_ota,10.4%,
2009/3/23,14_ota,5.9%,
2009/3/23,14_ota,8.2%,
2009/3/23,14_ota,8.7%,
2009/3/23,14_ota,10.2%,
2009/3/23,14_ota,10.8%,
2009/3/23,14_ota,7.5%,
2009/3/23,14_ota,7.4%,
2009/3/23,14_ota,7.8%,
2009/3/23,14_ota,10.7%,
2009/3/23,14_ota,8.4%,
2009/3/23,14_ota,6.8%,
2009/3/31,14_ota,11.1%,
2009/3/31,14_ota,14.2%,
2009/3/31,14_ota,12.4%,
2009/3/31,14_ota,11.5%,
2009/3/31,14_ota,11.1%,
2009/3/31,14_ota,12.7%,
2009/3/31,14_ota,12.0%,
2009/3/31,14_ota,14.1%,
2009/3/31,14_ota,11.8%,
2009/3/31,14_ota,13.3%,
2009/3/31,14_ota,12.3%,
2009/3/31,14_ota,10.0%,
2009/3/31,14_ota,11.7%,
2009/3/31,14_ota,10.1%,
2009/3/31,14_ota,12.5%,
2009/3/31,14_ota,13.0%,
2009/3/31,14_ota,10.9%,
2009/3/31,14_ota,10.4%,
2009/3/31,14_ota,8.3%,
2009/3/31,14_ota,10.8%,
2009/3/31,14_ota,9.6%,
2009/3/31,14_ota,10.0%,
2009/3/31,14_ota,12.5%,
2009/3/31,14_ota,9.4%,
2009/3/31,14_ota,9.6%,
2009/3/31,14_ota,12.2%,
2009/3/31,14_ota,9.9%,
2009/3/31,14_ota,12.6%,
2009/3/31,14_ota,10.5%,
2009/3/31,14_ota,9.5%,
2009/4/7,14_ota,8.8%,
2009/4/7,14_ota,11.1%,
2009/4/7,14_ota,10.9%,
2009/4/7,14_ota,11.1%,
2009/4/7,14_ota,13.6%,
2009/4/7,14_ota,12.7%,
2009/4/7,14_ota,11.1%,
2009/4/7,14_ota,9.2%,
2009/4/7,14_ota,12.1%,
2009/4/7,14_ota,11.2%,
2009/4/7,14_ota,12.0%,
2009/4/7,14_ota,11.8%,
2009/4/7,14_ota,10.2%,
2009/4/7,14_ota,9.0%,
2009/4/7,14_ota,10.9%,
2009/4/7,14_ota,11.0%,
2009/4/7,14_ota,10.9%,
2009/4/7,14_ota,10.9%,
2009/4/7,14_ota,8.9%,
2009/4/7,14_ota,8.2%,
2009/4/7,14_ota,8.9%,
2009/4/7,14_ota,14.8%,
2009/4/7,14_ota,10.8%,
2009/4/7,14_ota,9.4%,
2009/4/7,14_ota,10.7%,
2009/4/7,14_ota,9.6%,
2009/4/7,14_ota,8.5%,
2009/4/7,14_ota,10.1%,
2009/4/7,14_ota,12.0%,
2009/4/7,14_ota,8.4%,
2009/4/15,14_ota,13.2%,
2009/4/15,14_ota,8.9%,
2009/4/15,14_ota,10.8%,
2009/4/15,14_ota,9.4%,
2009/4/15,14_ota,9.3%,
2009/4/15,14_ota,11.0%,
2009/4/15,14_ota,9.3%,
2009/4/15,14_ota,11.9%,
2009/4/15,14_ota,9.7%,
2009/4/15,14_ota,7.4%,
2009/4/15,14_ota,10.3%,
2009/4/15,14_ota,8.4%,
2009/4/15,14_ota,6.9%,
2009/4/15,14_ota,6.8%,
2009/4/15,14_ota,9.8%,
2009/4/15,14_ota,9.8%,
2009/4/15,14_ota,7.6%,
2009/4/15,14_ota,9.5%,
2009/4/15,14_ota,6.0%,
2009/4/15,14_ota,12.5%,
2009/4/15,14_ota,8.5%,
2009/4/15,14_ota,8.1%,
2009/4/15,14_ota,9.4%,
2009/4/15,14_ota,8.9%,
2009/4/15,14_ota,9.0%,
2009/4/15,14_ota,8.1%,
2009/4/15,14_ota,11.3%,
2009/4/15,14_ota,7.7%,
2009/4/15,14_ota,8.7%,
2009/4/15,14_ota,7.1%,
2009/4/24,14_ota,4.8%,
2009/4/24,14_ota,4.3%,
2009/4/24,14_ota,7.3%,
2009/4/24,14_ota,3.8%,
2009/4/24,14_ota,5.9%,
2009/4/24,14_ota,4.5%,
2009/4/24,14_ota,5.8%,
2009/4/24,14_ota,4.3%,
2009/4/24,14_ota,7.3%,
2009/4/24,14_ota,5.1%,
2009/4/24,14_ota,3.4%,
2009/4/24,14_ota,4.6%,
2009/4/24,14_ota,5.4%,
2009/4/24,14_ota,5.1%,
2009/4/24,14_ota,5.5%,
2009/4/24,14_ota,5.8%,
2009/4/24,14_ota,7.0%,
2009/4/24,14_ota,6.6%,
2009/4/24,14_ota,4.8%,
2009/4/24,14_ota,4.7%,
2009/4/24,14_ota,5.0%,
2009/4/24,14_ota,4.5%,
2009/4/24,14_ota,4.1%,
2009/4/24,14_ota,4.3%,
2009/4/24,14_ota,4.3%,
2009/4/24,14_ota,5.1%,
2009/4/24,14_ota,5.2%,
2009/4/24,14_ota,5.0%,
2009/4/24,14_ota,3.7%,
2009/4/24,14_ota,4.3%,
2010/3/9,14_ota,7.2%,
2010/3/9,14_ota,5.8%,
2010/3/9,14_ota,6.3%,
2010/3/9,14_ota,7.6%,
2010/3/9,14_ota,7.3%,
2010/3/9,14_ota,5.3%,
2010/3/9,14_ota,6.0%,
2010/3/9,14_ota,9.5%,
2010/3/9,14_ota,7.2%,
2010/3/9,14_ota,6.0%,
2010/3/9,14_ota,5.1%,
2010/3/9,14_ota,5.4%,
2010/3/9,14_ota,4.8%,
2010/3/9,14_ota,6.7%,
2010/3/9,14_ota,6.5%,
2010/3/9,14_ota,5.3%,
2010/3/9,14_ota,6.5%,
2010/3/9,14_ota,4.7%,
2010/3/9,14_ota,6.7%,
2010/3/9,14_ota,6.2%,
2010/3/9,14_ota,6.4%,
2010/3/9,14_ota,5.4%,
2010/3/9,14_ota,6.1%,
2010/3/9,14_ota,5.5%,
2010/3/9,14_ota,5.8%,
2010/3/9,14_ota,7.0%,
2010/3/9,14_ota,5.4%,
2010/3/9,14_ota,4.6%,
2010/3/9,14_ota,4.7%,
2010/3/9,14_ota,4.3%,
2010/3/25,14_ota,9.7%,
2010/3/25,14_ota,8.8%,
2010/3/25,14_ota,7.8%,
2010/3/25,14_ota,9.9%,
2010/3/25,14_ota,8.6%,
2010/3/25,14_ota,8.7%,
2010/3/25,14_ota,9.2%,
2010/3/25,14_ota,8.9%,
2010/3/25,14_ota,9.4%,
2010/3/25,14_ota,8.6%,
2010/3/25,14_ota,11.2%,
2010/3/25,14_ota,11.3%,
2010/3/25,14_ota,8.1%,
2010/3/25,14_ota,6.7%,
2010/3/25,14_ota,8.6%,
2010/3/25,14_ota,6.7%,
2010/3/25,14_ota,8.8%,
2010/3/25,14_ota,9.1%,
2010/3/25,14_ota,6.4%,
2010/3/25,14_ota,8.4%,
2010/3/25,14_ota,9.4%,
2010/3/25,14_ota,10.8%,
2010/3/25,14_ota,7.7%,
2010/3/25,14_ota,8.4%,
2010/3/25,14_ota,7.1%,
2010/3/25,14_ota,8.7%,
2010/3/25,14_ota,5.8%,
2010/3/25,14_ota,7.8%,
2010/3/25,14_ota,8.2%,
2010/3/25,14_ota,9.4%,
2010/4/6,14_ota,7.7%,
2010/4/6,14_ota,8.2%,
2010/4/6,14_ota,8.7%,
2010/4/6,14_ota,9.6%,
2010/4/6,14_ota,9.5%,
2010/4/6,14_ota,9.9%,
2010/4/6,14_ota,9.5%,
2010/4/6,14_ota,9.5%,
2010/4/6,14_ota,10.4%,
2010/4/6,14_ota,10.6%,
2010/4/6,14_ota,10.2%,
2010/4/6,14_ota,10.4%,
2010/4/6,14_ota,10.8%,
2010/4/6,14_ota,10.9%,
2010/4/6,14_ota,5.7%,
2010/4/6,14_ota,6.4%,
2010/4/6,14_ota,6.9%,
2010/4/6,14_ota,7.6%,
2010/4/6,14_ota,8.0%,
2010/4/6,14_ota,7.6%,
2010/4/6,14_ota,9.0%,
2010/4/6,14_ota,8.7%,
2010/4/6,14_ota,9.3%,
2010/4/6,14_ota,9.3%,
2010/4/6,14_ota,9.3%,
2010/4/6,14_ota,9.7%,
2010/4/6,14_ota,10.1%,
2010/4/6,14_ota,10.7%,
2010/4/6,14_ota,11.5%,
2010/4/6,14_ota,11.5%,
2010/4/12,14_ota,4.9%,
2010/4/12,14_ota,7.3%,
2010/4/12,14_ota,7.9%,
2010/4/12,14_ota,7.4%,
2010/4/12,14_ota,7.0%,
2010/4/12,14_ota,7.9%,
2010/4/12,14_ota,8.8%,
2010/4/12,14_ota,8.2%,
2010/4/12,14_ota,9.1%,
2010/4/12,14_ota,8.4%,
2010/4/12,14_ota,8.7%,
2010/4/12,14_ota,8.5%,
2010/4/12,14_ota,8.9%,
2010/4/12,14_ota,10.2%,
2010/4/12,14_ota,9.3%,
2010/4/12,14_ota,10.1%,
2010/4/12,14_ota,7.0%,
2010/4/12,14_ota,7.3%,
2010/4/12,14_ota,6.6%,
2010/4/12,14_ota,7.4%,
2010/4/12,14_ota,6.9%,
2010/4/12,14_ota,8.4%,
2010/4/12,14_ota,8.4%,
2010/4/12,14_ota,9.8%,
2010/4/12,14_ota,9.5%,
2010/4/12,14_ota,10.0%,
2010/4/12,14_ota,11.0%,
2010/4/12,14_ota,10.7%,
2010/4/12,14_ota,11.3%,
2010/4/12,14_ota,10.7%,
2010/4/20,14_ota,7.1%,
2010/4/20,14_ota,7.3%,
2010/4/20,14_ota,7.9%,
2010/4/20,14_ota,6.9%,
2010/4/20,14_ota,8.4%,
2010/4/20,14_ota,8.6%,
2010/4/20,14_ota,8.4%,
2010/4/20,14_ota,8.4%,
2010/4/20,14_ota,9.0%,
2010/4/20,14_ota,9.0%,
2010/4/20,14_ota,10.4%,
2010/4/20,14_ota,11.1%,
2010/4/20,14_ota,11.3%,
2010/4/20,14_ota,12.2%,
2010/4/20,14_ota,13.2%,
2010/4/20,14_ota,5.0%,
2010/4/20,14_ota,4.9%,
2010/4/20,14_ota,5.5%,
2010/4/20,14_ota,5.8%,
2010/4/20,14_ota,6.4%,
2010/4/20,14_ota,6.3%,
2010/4/20,14_ota,6.7%,
2010/4/20,14_ota,6.3%,
2010/4/20,14_ota,7.4%,
2010/4/20,14_ota,6.8%,
2010/4/20,14_ota,8.1%,
2010/4/20,14_ota,7.8%,
2010/4/20,14_ota,7.6%,
2010/4/20,14_ota,9.2%,
2010/4/20,14_ota,10.9%,
2010/4/26,14_ota,5.0%,
2010/4/26,14_ota,5.4%,
2010/4/26,14_ota,5.9%,
2010/4/26,14_ota,6.4%,
2010/4/26,14_ota,6.7%,
2010/4/26,14_ota,6.6%,
2010/4/26,14_ota,7.5%,
2010/4/26,14_ota,7.5%,
2010/4/26,14_ota,7.7%,
2010/4/26,14_ota,7.8%,
2010/4/26,14_ota,8.9%,
2010/4/26,14_ota,7.8%,
2010/4/26,14_ota,8.8%,
2010/4/26,14_ota,9.0%,
2010/4/26,14_ota,9.6%,
2010/4/26,14_ota,10.8%,
2010/4/26,14_ota,11.0%,
2010/4/26,14_ota,6.9%,
2010/4/26,14_ota,6.4%,
2010/4/26,14_ota,7.3%,
2010/4/26,14_ota,9.3%,
2010/4/26,14_ota,8.7%,
2010/4/26,14_ota,9.6%,
2010/4/26,14_ota,9.6%,
2010/4/26,14_ota,11.2%,
2010/4/26,14_ota,10.8%,
2010/4/26,14_ota,11.0%,
2010/4/26,14_ota,12.0%,
2010/4/26,14_ota,14.0%,
2010/4/26,14_ota,13.7%,
2010/4/30,14_ota,5.7%,
2010/4/30,14_ota,5.5%,
2010/4/30,14_ota,6.2%,
2010/4/30,14_ota,6.9%,
2010/4/30,14_ota,6.9%,
2010/4/30,14_ota,6.9%,
2010/4/30,14_ota,7.7%,
2010/4/30,14_ota,9.3%,
2010/4/30,14_ota,9.5%,
2010/4/30,14_ota,9.4%,
2010/4/30,14_ota,9.8%,
2010/4/30,14_ota,9.6%,
2010/4/30,14_ota,9.9%,
2010/4/30,14_ota,11.0%,
2010/4/30,14_ota,11.1%,
2010/4/30,14_ota,11.2%,
2010/4/30,14_ota,5.6%,
2010/4/30,14_ota,5.9%,
2010/4/30,14_ota,5.7%,
2010/4/30,14_ota,6.3%,
2010/4/30,14_ota,7.9%,
2010/4/30,14_ota,8.0%,
2010/4/30,14_ota,7.9%,
2010/4/30,14_ota,8.2%,
2010/4/30,14_ota,8.8%,
2010/4/30,14_ota,9.1%,
2010/4/30,14_ota,10.2%,
2010/4/30,14_ota,9.7%,
2010/4/30,14_ota,12.5%,
2010/4/30,14_ota,13.5%,
2010/5/6,14_ota,9.2%,
2010/5/6,14_ota,6.6%,
2010/5/6,14_ota,5.9%,
2010/5/6,14_ota,6.2%,
2010/5/6,14_ota,5.4%,
2010/5/6,14_ota,5.5%,
2010/5/6,14_ota,5.3%,
2010/5/6,14_ota,5.6%,
2010/5/6,14_ota,4.9%,
2010/5/6,14_ota,4.9%,
2010/5/6,14_ota,5.1%,
2010/5/6,14_ota,4.3%,
2010/5/6,14_ota,3.9%,
2010/5/6,14_ota,3.7%,
2010/5/6,14_ota,3.4%,
2010/5/6,14_ota,6.3%,
2010/5/6,14_ota,5.8%,
2010/5/6,14_ota,6.0%,
2010/5/6,14_ota,5.9%,
2010/5/6,14_ota,5.4%,
2010/5/6,14_ota,5.7%,
2010/5/6,14_ota,4.7%,
2010/5/6,14_ota,4.3%,
2010/5/6,14_ota,4.6%,
2010/5/6,14_ota,4.8%,
2010/5/6,14_ota,4.0%,
2010/5/6,14_ota,4.5%,
2010/5/6,14_ota,4.2%,
2010/5/6,14_ota,4.2%,
2010/5/6,14_ota,3.3%,
2011/3/8,14_ota,6.1%,
2011/3/8,14_ota,7.4%,
2011/3/8,14_ota,6.9%,
2011/3/8,14_ota,5.6%,
2011/3/8,14_ota,6.3%,
2011/3/8,14_ota,6.5%,
2011/3/8,14_ota,8.3%,
2011/3/8,14_ota,7.0%,
2011/3/8,14_ota,5.2%,
2011/3/8,14_ota,7.2%,
2011/3/8,14_ota,5.9%,
2011/3/8,14_ota,4.5%,
2011/3/8,14_ota,4.5%,
2011/3/8,14_ota,6.1%,
2011/3/8,14_ota,6.2%,
2011/3/8,14_ota,4.6%,
2011/3/8,14_ota,5.7%,
2011/3/8,14_ota,4.0%,
2011/3/8,14_ota,5.5%,
2011/3/8,14_ota,7.0%,
2011/3/8,14_ota,7.3%,
2011/3/8,14_ota,3.8%,
2011/3/8,14_ota,5.2%,
2011/3/8,14_ota,6.8%,
2011/3/8,14_ota,4.2%,
2011/3/8,14_ota,6.6%,
2011/3/8,14_ota,5.8%,
2011/3/8,14_ota,5.5%,
2011/3/8,14_ota,3.5%,
2011/3/8,14_ota,6.1%,
2011/3/15,14_ota,6.3%,
2011/3/15,14_ota,7.2%,
2011/3/15,14_ota,8.6%,
2011/3/15,14_ota,8.0%,
2011/3/15,14_ota,15.8%,
2011/3/15,14_ota,7.4%,
2011/3/15,14_ota,6.7%,
2011/3/15,14_ota,6.2%,
2011/3/15,14_ota,7.3%,
2011/3/15,14_ota,6.7%,
2011/3/15,14_ota,7.6%,
2011/3/15,14_ota,8.9%,
2011/3/15,14_ota,6.9%,
2011/3/15,14_ota,7.5%,
2011/3/15,14_ota,7.7%,
2011/3/15,14_ota,6.3%,
2011/3/15,14_ota,5.9%,
2011/3/15,14_ota,4.7%,
2011/3/15,14_ota,6.2%,
2011/3/15,14_ota,4.8%,
2011/3/15,14_ota,7.1%,
2011/3/15,14_ota,7.1%,
2011/3/15,14_ota,8.9%,
2011/3/15,14_ota,6.1%,
2011/3/15,14_ota,9.1%,
2011/3/15,14_ota,4.9%,
2011/3/15,14_ota,8.1%,
2011/3/15,14_ota,6.2%,
2011/3/15,14_ota,7.5%,
2011/3/15,14_ota,6.3%,
2011/3/29,14_ota,10.3%,
2011/3/29,14_ota,11.8%,
2011/3/29,14_ota,10.0%,
2011/3/29,14_ota,9.4%,
2011/3/29,14_ota,9.0%,
2011/3/29,14_ota,12.1%,
2011/3/29,14_ota,10.5%,
2011/3/29,14_ota,11.3%,
2011/3/29,14_ota,9.8%,
2011/3/29,14_ota,11.4%,
2011/3/29,14_ota,9.6%,
2011/3/29,14_ota,11.1%,
2011/3/29,14_ota,6.7%,
2011/3/29,14_ota,10.6%,
2011/3/29,14_ota,11.5%,
2011/3/29,14_ota,8.2%,
2011/3/29,14_ota,12.5%,
2011/3/29,14_ota,9.9%,
2011/3/29,14_ota,14.0%,
2011/3/29,14_ota,9.1%,
2011/3/29,14_ota,8.2%,
2011/3/29,14_ota,10.7%,
2011/3/29,14_ota,9.9%,
2011/3/29,14_ota,10.3%,
2011/3/29,14_ota,9.5%,
2011/3/29,14_ota,9.9%,
2011/3/29,14_ota,6.3%,
2011/3/29,14_ota,11.8%,
2011/3/29,14_ota,9.1%,
2011/3/29,14_ota,8.8%,
2011/4/12,14_ota,5.8%,
2011/4/12,14_ota,11.2%,
2011/4/12,14_ota,7.9%,
2011/4/12,14_ota,9.6%,
2011/4/12,14_ota,7.7%,
2011/4/12,14_ota,8.3%,
2011/4/12,14_ota,11.0%,
2011/4/12,14_ota,8.0%,
2011/4/12,14_ota,9.7%,
2011/4/12,14_ota,7.1%,
2011/4/12,14_ota,6.4%,
2011/4/12,14_ota,10.8%,
2011/4/12,14_ota,12.8%,
2011/4/12,14_ota,12.2%,
2011/4/12,14_ota,11.0%,
2011/4/12,14_ota,7.6%,
2011/4/12,14_ota,9.4%,
2011/4/12,14_ota,6.8%,
2011/4/12,14_ota,10.9%,
2011/4/12,14_ota,7.1%,
2011/4/12,14_ota,9.6%,
2011/4/12,14_ota,8.8%,
2011/4/12,14_ota,7.7%,
2011/4/12,14_ota,9.3%,
2011/4/12,14_ota,7.9%,
2011/4/12,14_ota,7.0%,
2011/4/12,14_ota,4.3%,
2011/4/12,14_ota,7.8%,
2011/4/12,14_ota,9.0%,
2011/4/12,14_ota,8.9%,
2012/3/16,14_ota,9.0%,
2012/3/16,14_ota,11.8%,
2012/3/16,14_ota,9.5%,
2012/3/16,14_ota,10.1%,
2012/3/16,14_ota,10.0%,
2012/3/16,14_ota,14.1%,
2012/3/16,14_ota,12.0%,
2012/3/16,14_ota,9.5%,
2012/3/16,14_ota,7.2%,
2012/3/16,14_ota,11.3%,
2012/3/16,14_ota,10.7%,
2012/3/16,14_ota,10.8%,
2012/3/16,14_ota,7.4%,
2012/3/16,14_ota,10.6%,
2012/3/16,14_ota,11.5%,
2012/3/16,14_ota,11.9%,
2012/3/16,14_ota,8.7%,
2012/3/16,14_ota,11.3%,
2012/3/16,14_ota,11.1%,
2012/3/16,14_ota,7.2%,
2012/3/16,14_ota,9.9%,
2012/3/16,14_ota,6.4%,
2012/3/16,14_ota,8.0%,
2012/3/16,14_ota,9.2%,
2012/3/16,14_ota,6.4%,
2012/3/16,14_ota,8.6%,
2012/3/16,14_ota,9.6%,
2012/3/16,14_ota,6.7%,
2012/3/16,14_ota,6.3%,
2012/3/16,14_ota,10.2%,
2012/3/23,14_ota,10.4%,
2012/3/23,14_ota,9.5%,
2012/3/23,14_ota,13.1%,
2012/3/23,14_ota,7.8%,
2012/3/23,14_ota,10.3%,
2012/3/23,14_ota,9.2%,
2012/3/23,14_ota,12.4%,
2012/3/23,14_ota,8.3%,
2012/3/23,14_ota,7.9%,
2012/3/23,14_ota,7.0%,
2012/3/23,14_ota,9.2%,
2012/3/23,14_ota,11.1%,
2012/3/23,14_ota,10.8%,
2012/3/23,14_ota,10.3%,
2012/3/23,14_ota,9.3%,
2012/3/23,14_ota,8.5%,
2012/3/23,14_ota,13.2%,
2012/3/23,14_ota,9.3%,
2012/3/23,14_ota,7.0%,
2012/3/23,14_ota,9.5%,
2012/3/23,14_ota,10.2%,
2012/3/23,14_ota,11.6%,
2012/3/23,14_ota,10.9%,
2012/3/23,14_ota,10.2%,
2012/3/23,14_ota,7.3%,
2012/3/23,14_ota,10.7%,
2012/3/23,14_ota,7.2%,
2012/3/23,14_ota,6.9%,
2012/3/23,14_ota,5.4%,
2012/3/23,14_ota,10.4%,
2012/3/29,14_ota,14.4%,
2012/3/29,14_ota,11.7%,
2012/3/29,14_ota,13.1%,
2012/3/29,14_ota,16.4%,
2012/3/29,14_ota,10.2%,
2012/3/29,14_ota,12.1%,
2012/3/29,14_ota,12.8%,
2012/3/29,14_ota,10.6%,
2012/3/29,14_ota,9.4%,
2012/3/29,14_ota,12.3%,
2012/3/29,14_ota,13.5%,
2012/3/29,14_ota,11.2%,
2012/3/29,14_ota,12.9%,
2012/3/29,14_ota,9.9%,
2012/3/29,14_ota,8.9%,
2012/3/29,14_ota,11.0%,
2012/3/29,14_ota,9.2%,
2012/3/29,14_ota,15.8%,
2012/3/29,14_ota,10.9%,
2012/3/29,14_ota,9.2%,
2012/3/29,14_ota,9.3%,
2012/3/29,14_ota,11.8%,
2012/3/29,14_ota,9.5%,
2012/3/29,14_ota,9.0%,
2012/3/29,14_ota,8.7%,
2012/3/29,14_ota,10.4%,
2012/3/29,14_ota,8.4%,
2012/3/29,14_ota,12.2%,
2012/3/29,14_ota,12.2%,
2012/3/29,14_ota,8.8%,
2012/4/12,14_ota,12.0%,
2012/4/12,14_ota,13.3%,
2012/4/12,14_ota,8.4%,
2012/4/12,14_ota,11.1%,
2012/4/12,14_ota,13.0%,
2012/4/12,14_ota,12.0%,
2012/4/12,14_ota,12.2%,
2012/4/12,14_ota,10.2%,
2012/4/12,14_ota,10.7%,
2012/4/12,14_ota,10.1%,
2012/4/12,14_ota,12.1%,
2012/4/12,14_ota,13.1%,
2012/4/12,14_ota,14.7%,
2012/4/12,14_ota,14.1%,
2012/4/12,14_ota,9.7%,
2012/4/12,14_ota,12.0%,
2012/4/12,14_ota,9.5%,
2012/4/12,14_ota,10.0%,
2012/4/12,14_ota,13.1%,
2012/4/12,14_ota,10.8%,
2012/4/12,14_ota,8.8%,
2012/4/12,14_ota,9.0%,
2012/4/12,14_ota,12.5%,
2012/4/12,14_ota,10.2%,
2012/4/12,14_ota,8.2%,
2012/4/12,14_ota,9.4%,
2012/4/12,14_ota,11.4%,
2012/4/12,14_ota,8.9%,
2012/4/12,14_ota,7.9%,
2012/4/12,14_ota,9.6%,
2012/4/18,14_ota,11.0%,
2012/4/18,14_ota,11.9%,
2012/4/18,14_ota,10.5%,
2012/4/18,14_ota,10.6%,
2012/4/18,14_ota,9.5%,
2012/4/18,14_ota,8.0%,
2012/4/18,14_ota,10.9%,
2012/4/18,14_ota,11.0%,
2012/4/18,14_ota,9.1%,
2012/4/18,14_ota,12.7%,
2012/4/18,14_ota,5.1%,
2012/4/18,14_ota,6.0%,
2012/4/18,14_ota,6.8%,
2012/4/18,14_ota,6.6%,
2012/4/18,14_ota,8.4%,
2012/4/18,14_ota,7.7%,
2012/4/18,14_ota,7.0%,
2012/4/18,14_ota,5.7%,
2012/4/18,14_ota,6.7%,
2012/4/18,14_ota,8.0%,
2012/4/18,14_ota,8.8%,
2012/4/18,14_ota,6.5%,
2012/4/18,14_ota,7.3%,
2012/4/18,14_ota,7.3%,
2012/4/18,14_ota,4.3%,
2012/4/18,14_ota,6.2%,
2012/4/18,14_ota,7.0%,
2012/4/18,14_ota,7.4%,
2012/4/18,14_ota,7.4%,
2012/4/18,14_ota,8.2%,
2012/4/24,14_ota,11.2%,
2012/4/24,14_ota,9.5%,
2012/4/24,14_ota,9.7%,
2012/4/24,14_ota,3.1%,
2012/4/24,14_ota,8.7%,
2012/4/24,14_ota,8.4%,
2012/4/24,14_ota,9.7%,
2012/4/24,14_ota,11.0%,
2012/4/24,14_ota,11.0%,
2012/4/24,14_ota,4.9%,
2012/4/24,14_ota,13.3%,
2012/4/24,14_ota,7.7%,
2012/4/24,14_ota,8.3%,
2012/4/24,14_ota,7.6%,
2012/4/24,14_ota,7.3%,
2012/4/24,14_ota,8.1%,
2012/4/24,14_ota,5.3%,
2012/4/24,14_ota,9.5%,
2012/4/24,14_ota,8.6%,
2012/4/24,14_ota,6.5%,
2012/4/24,14_ota,7.4%,
2012/4/24,14_ota,6.2%,
2012/4/24,14_ota,5.6%,
2012/4/24,14_ota,6.0%,
2012/4/24,14_ota,6.3%,
2012/4/24,14_ota,7.3%,
2012/4/24,14_ota,5.4%,
2012/4/24,14_ota,7.6%,
2012/4/24,14_ota,6.6%,
2012/4/24,14_ota,6.0%,
2013/3/18,14_ota,13.8%,
2013/3/18,14_ota,13.9%,
2013/3/18,14_ota,11.3%,
2013/3/18,14_ota,12.8%,
2013/3/18,14_ota,11.5%,
2013/3/18,14_ota,10.5%,
2013/3/18,14_ota,12.6%,
2013/3/18,14_ota,11.5%,
2013/3/18,14_ota,11.9%,
2013/3/18,14_ota,10.7%,
2013/3/18,14_ota,12.7%,
2013/3/18,14_ota,10.5%,
2013/3/18,14_ota,9.3%,
2013/3/18,14_ota,10.3%,
2013/3/18,14_ota,11.3%,
2013/3/18,14_ota,10.9%,
2013/3/18,14_ota,9.1%,
2013/3/18,14_ota,8.4%,
2013/3/18,14_ota,8.8%,
2013/3/18,14_ota,13.3%,
2013/3/18,14_ota,12.2%,
2013/3/18,14_ota,11.4%,
2013/3/18,14_ota,9.6%,
2013/3/18,14_ota,11.5%,
2013/3/18,14_ota,10.9%,
2013/3/18,14_ota,6.3%,
2013/3/18,14_ota,10.7%,
2013/3/18,14_ota,11.9%,
2013/3/18,14_ota,9.9%,
2013/3/18,14_ota,8.6%,
2013/3/27,14_ota,13.0%,
2013/3/27,14_ota,9.5%,
2013/3/27,14_ota,10.9%,
2013/3/27,14_ota,10.2%,
2013/3/27,14_ota,13.0%,
2013/3/27,14_ota,9.3%,
2013/3/27,14_ota,12.1%,
2013/3/27,14_ota,10.3%,
2013/3/27,14_ota,11.1%,
2013/3/27,14_ota,9.9%,
2013/3/27,14_ota,11.9%,
2013/3/27,14_ota,8.1%,
2013/3/27,14_ota,12.1%,
2013/3/27,14_ota,11.7%,
2013/3/27,14_ota,11.0%,
2013/3/27,14_ota,12.5%,
2013/3/27,14_ota,6.5%,
2013/3/27,14_ota,9.4%,
2013/3/27,14_ota,6.6%,
2013/3/27,14_ota,8.9%,
2013/3/27,14_ota,11.5%,
2013/3/27,14_ota,9.2%,
2013/3/27,14_ota,7.7%,
2013/3/27,14_ota,8.8%,
2013/3/27,14_ota,13.1%,
2013/3/27,14_ota,7.4%,
2013/3/27,14_ota,11.4%,
2013/3/27,14_ota,7.9%,
2013/3/27,14_ota,8.2%,
2013/3/27,14_ota,13.9%,
2013/4/3,14_ota,11.6%,
2013/4/3,14_ota,8.8%,
2013/4/3,14_ota,7.6%,
2013/4/3,14_ota,8.7%,
2013/4/3,14_ota,9.4%,
2013/4/3,14_ota,10.5%,
2013/4/3,14_ota,12.5%,
2013/4/3,14_ota,10.6%,
2013/4/3,14_ota,14.0%,
2013/4/3,14_ota,14.0%,
2013/4/3,14_ota,10.1%,
2013/4/3,14_ota,10.5%,
2013/4/3,14_ota,10.3%,
2013/4/3,14_ota,7.7%,
2013/4/3,14_ota,10.5%,
2013/4/3,14_ota,7.7%,
2013/4/3,14_ota,5.1%,
2013/4/3,14_ota,7.2%,
2013/4/3,14_ota,6.4%,
2013/4/3,14_ota,10.0%,
2013/4/3,14_ota,10.9%,
2013/4/3,14_ota,12.0%,
2013/4/3,14_ota,10.6%,
2013/4/3,14_ota,9.7%,
2013/4/3,14_ota,10.1%,
2013/4/3,14_ota,10.6%,
2013/4/3,14_ota,10.3%,
2013/4/3,14_ota,11.5%,
2013/4/3,14_ota,10.7%,
2013/4/3,14_ota,10.1%,
2013/4/11,14_ota,7.8%,
2013/4/11,14_ota,7.2%,
2013/4/11,14_ota,8.0%,
2013/4/11,14_ota,11.4%,
2013/4/11,14_ota,6.2%,
2013/4/11,14_ota,9.1%,
2013/4/11,14_ota,9.3%,
2013/4/11,14_ota,7.5%,
2013/4/11,14_ota,9.5%,
2013/4/11,14_ota,13.6%,
2013/4/11,14_ota,9.5%,
2013/4/11,14_ota,8.3%,
2013/4/11,14_ota,10.0%,
2013/4/11,14_ota,6.7%,
2013/4/11,14_ota,6.0%,
2013/4/11,14_ota,9.1%,
2013/4/11,14_ota,7.7%,
2013/4/11,14_ota,8.8%,
2013/4/11,14_ota,8.8%,
2013/4/11,14_ota,7.9%,
2013/4/11,14_ota,8.7%,
2013/4/11,14_ota,8.3%,
2013/4/11,14_ota,8.7%,
2013/4/11,14_ota,8.3%,
2013/4/11,14_ota,8.6%,
2013/4/11,14_ota,5.7%,
2013/4/11,14_ota,5.9%,
2013/4/11,14_ota,7.8%,
2013/4/11,14_ota,8.4%,
2013/4/11,14_ota,10.4%,
2013/4/17,14_ota,10.3%,
2013/4/17,14_ota,7.2%,
2013/4/17,14_ota,9.6%,
2013/4/17,14_ota,8.5%,
2013/4/17,14_ota,7.2%,
2013/4/17,14_ota,7.6%,
2013/4/17,14_ota,8.5%,
2013/4/17,14_ota,8.2%,
2013/4/17,14_ota,11.1%,
2013/4/17,14_ota,5.9%,
2013/4/17,14_ota,9.7%,
2013/4/17,14_ota,10.3%,
2013/4/17,14_ota,8.5%,
2013/4/17,14_ota,5.6%,
2013/4/17,14_ota,9.9%,
2013/4/17,14_ota,9.7%,
2013/4/17,14_ota,7.3%,
2013/4/17,14_ota,9.6%,
2013/4/17,14_ota,4.7%,
2013/4/17,14_ota,8.1%,
2013/4/17,14_ota,9.6%,
2013/4/17,14_ota,14.0%,
2013/4/17,14_ota,11.1%,
2013/4/17,14_ota,7.4%,
2013/4/17,14_ota,9.7%,
2013/4/17,14_ota,8.5%,
2013/4/17,14_ota,7.9%,
2013/4/17,14_ota,10.7%,
2013/4/17,14_ota,7.8%,
2013/4/17,14_ota,6.3%,
2013/4/24,14_ota,7.3%,
2013/4/24,14_ota,11.8%,
2013/4/24,14_ota,8.4%,
2013/4/24,14_ota,8.4%,
2013/4/24,14_ota,9.3%,
2013/4/24,14_ota,7.6%,
2013/4/24,14_ota,6.0%,
2013/4/24,14_ota,6.8%,
2013/4/24,14_ota,7.3%,
2013/4/24,14_ota,6.7%,
2013/4/24,14_ota,8.2%,
2013/4/24,14_ota,7.5%,
2013/4/24,14_ota,8.9%,
2013/4/24,14_ota,4.8%,
2013/4/24,14_ota,6.7%,
2013/4/24,14_ota,8.8%,
2013/4/24,14_ota,5.9%,
2013/4/24,14_ota,10.2%,
2013/4/24,14_ota,2.7%,
2013/4/24,14_ota,6.8%,
2013/4/24,14_ota,12.2%,
2013/4/24,14_ota,7.6%,
2013/4/24,14_ota,8.1%,
2013/4/24,14_ota,9.1%,
2013/4/24,14_ota,5.2%,
2013/4/24,14_ota,5.9%,
2013/4/24,14_ota,4.7%,
2013/4/24,14_ota,8.2%,
2013/4/24,14_ota,5.7%,
2013/4/24,14_ota,6.0%,
2013/4/24,14_ota,7.0%,
2013/4/24,14_ota,4.0%,
2013/4/24,14_ota,4.3%,
2013/4/24,14_ota,6.7%,
2013/4/24,14_ota,6.0%,
2013/4/24,14_ota,8.5%,
2013/4/24,14_ota,6.2%,
2013/4/24,14_ota,6.0%,
2013/4/24,14_ota,8.5%,
2013/4/24,14_ota,7.8%,
2013/4/24,14_ota,6.6%,
2013/4/24,14_ota,5.3%,
2013/4/24,14_ota,5.5%,
2013/4/24,14_ota,6.2%,
2013/4/24,14_ota,5.3%,
2013/4/24,14_ota,6.4%,
2013/4/24,14_ota,7.1%,
2013/4/24,14_ota,6.5%,
2013/4/24,14_ota,6.0%,
2013/4/24,14_ota,5.2%,
2013/4/24,14_ota,4.6%,
2013/4/24,14_ota,7.2%,
2013/4/24,14_ota,6.9%,
2013/4/24,14_ota,7.5%,
2013/4/24,14_ota,5.8%,
2013/4/24,14_ota,7.6%,
2013/4/24,14_ota,5.8%,
2013/4/24,14_ota,7.3%,
2013/4/24,14_ota,6.9%,
2013/4/24,14_ota,5.9%,
2013/4/30,14_ota,7.7%,
2013/4/30,14_ota,5.5%,
2013/4/30,14_ota,4.1%,
2013/4/30,14_ota,5.4%,
2013/4/30,14_ota,6.1%,
2013/4/30,14_ota,6.3%,
2013/4/30,14_ota,3.3%,
2013/4/30,14_ota,7.1%,
2013/4/30,14_ota,7.3%,
2013/4/30,14_ota,4.3%,
2013/4/30,14_ota,3.8%,
2013/4/30,14_ota,7.6%,
2013/4/30,14_ota,7.4%,
2013/4/30,14_ota,5.5%,
2013/4/30,14_ota,8.1%,
2013/4/30,14_ota,5.0%,
2013/4/30,14_ota,6.3%,
2013/4/30,14_ota,6.0%,
2013/4/30,14_ota,6.2%,
2013/4/30,14_ota,5.4%,
2013/4/30,14_ota,8.1%,
2013/4/30,14_ota,6.3%,
2013/4/30,14_ota,5.9%,
2013/4/30,14_ota,8.9%,
2013/4/30,14_ota,7.5%,
2013/4/30,14_ota,7.4%,
2013/4/30,14_ota,6.1%,
2013/4/30,14_ota,5.0%,
2013/4/30,14_ota,6.4%,
2013/4/30,14_ota,8.0%,
2014/3/12,14_ota,8.0%,
2014/3/12,14_ota,6.5%,
2014/3/12,14_ota,7.8%,
2014/3/12,14_ota,4.9%,
2014/3/12,14_ota,7.3%,
2014/3/12,14_ota,7.6%,
2014/3/12,14_ota,7.0%,
2014/3/12,14_ota,5.8%,
2014/3/12,14_ota,6.0%,
2014/3/12,14_ota,5.5%,
2014/3/12,14_ota,6.5%,
2014/3/12,14_ota,5.8%,
2014/3/12,14_ota,7.2%,
2014/3/12,14_ota,7.7%,
2014/3/12,14_ota,7.8%,
2014/3/12,14_ota,4.0%,
2014/3/12,14_ota,7.1%,
2014/3/12,14_ota,7.0%,
2014/3/12,14_ota,6.3%,
2014/3/12,14_ota,4.8%,
2014/3/12,14_ota,7.2%,
2014/3/12,14_ota,8.5%,
2014/3/12,14_ota,6.0%,
2014/3/12,14_ota,6.0%,
2014/3/12,14_ota,5.8%,
2014/3/12,14_ota,6.9%,
2014/3/12,14_ota,5.6%,
2014/3/12,14_ota,8.1%,
2014/3/12,14_ota,7.5%,
2014/3/12,14_ota,8.7%,
2014/3/25,14_ota,5.4%,
2014/3/25,14_ota,5.4%,
2014/3/25,14_ota,10.1%,
2014/3/25,14_ota,9.3%,
2014/3/25,14_ota,13.1%,
2014/3/25,14_ota,8.1%,
2014/3/25,14_ota,9.1%,
2014/3/25,14_ota,4.9%,
2014/3/25,14_ota,6.1%,
2014/3/25,14_ota,10.5%,
2014/3/25,14_ota,6.0%,
2014/3/25,14_ota,5.2%,
2014/3/25,14_ota,6.7%,
2014/3/25,14_ota,4.8%,
2014/3/25,14_ota,8.3%,
2014/3/25,14_ota,6.1%,
2014/3/25,14_ota,6.8%,
2014/3/25,14_ota,9.1%,
2014/3/25,14_ota,8.6%,
2014/3/25,14_ota,8.1%,
2014/3/25,14_ota,9.8%,
2014/3/25,14_ota,8.0%,
2014/3/25,14_ota,9.1%,
2014/3/25,14_ota,7.1%,
2014/3/25,14_ota,6.7%,
2014/3/25,14_ota,7.0%,
2014/3/25,14_ota,7.9%,
2014/3/25,14_ota,10.2%,
2014/3/25,14_ota,13.3%,
2014/3/25,14_ota,8.0%,
2014/4/3,14_ota,8.4%,
2014/4/3,14_ota,6.7%,
2014/4/3,14_ota,8.5%,
2014/4/3,14_ota,7.0%,
2014/4/3,14_ota,9.2%,
2014/4/3,14_ota,10.1%,
2014/4/3,14_ota,7.7%,
2014/4/3,14_ota,8.8%,
2014/4/3,14_ota,10.3%,
2014/4/3,14_ota,6.3%,
2014/4/3,14_ota,9.5%,
2014/4/3,14_ota,9.1%,
2014/4/3,14_ota,8.7%,
2014/4/3,14_ota,8.4%,
2014/4/3,14_ota,9.1%,
2014/4/3,14_ota,5.5%,
2014/4/3,14_ota,5.8%,
2014/4/3,14_ota,11.6%,
2014/4/3,14_ota,7.4%,
2014/4/3,14_ota,7.8%,
2014/4/3,14_ota,9.3%,
2014/4/3,14_ota,9.5%,
2014/4/3,14_ota,10.3%,
2014/4/3,14_ota,10.2%,
2014/4/3,14_ota,8.4%,
2014/4/3,14_ota,10.2%,
2014/4/3,14_ota,10.1%,
2014/4/3,14_ota,7.2%,
2014/4/3,14_ota,9.0%,
2014/4/3,14_ota,5.1%,
2014/4/10,14_ota,10.7%,
2014/4/10,14_ota,10.4%,
2014/4/10,14_ota,11.9%,
2014/4/10,14_ota,12.1%,
2014/4/10,14_ota,11.5%,
2014/4/10,14_ota,11.5%,
2014/4/10,14_ota,12.6%,
2014/4/10,14_ota,14.0%,
2014/4/10,14_ota,12.2%,
2014/4/10,14_ota,10.6%,
2014/4/10,14_ota,13.8%,
2014/4/10,14_ota,10.0%,
2014/4/10,14_ota,10.9%,
2014/4/10,14_ota,8.9%,
2014/4/10,14_ota,8.4%,
2014/4/10,14_ota,8.3%,
2014/4/10,14_ota,10.3%,
2014/4/10,14_ota,9.4%,
2014/4/10,14_ota,8.9%,
2014/4/10,14_ota,7.5%,
2014/4/10,14_ota,7.6%,
2014/4/10,14_ota,9.5%,
2014/4/10,14_ota,11.1%,
2014/4/10,14_ota,6.5%,
2014/4/10,14_ota,8.0%,
2014/4/10,14_ota,10.6%,
2014/4/10,14_ota,10.2%,
2014/4/10,14_ota,8.3%,
2014/4/10,14_ota,9.6%,
2014/4/10,14_ota,8.1%,
2014/4/17,14_ota,8.5%,
2014/4/17,14_ota,15.4%,
2014/4/17,14_ota,9.9%,
2014/4/17,14_ota,9.6%,
2014/4/17,14_ota,12.1%,
2014/4/17,14_ota,11.0%,
2014/4/17,14_ota,11.1%,
2014/4/17,14_ota,11.9%,
2014/4/17,14_ota,12.5%,
2014/4/17,14_ota,10.9%,
2014/4/17,14_ota,8.9%,
2014/4/17,14_ota,12.0%,
2014/4/17,14_ota,13.2%,
2014/4/17,14_ota,10.6%,
2014/4/17,14_ota,11.3%,
2014/4/17,14_ota,10.5%,
2014/4/17,14_ota,12.1%,
2014/4/17,14_ota,8.2%,
2014/4/17,14_ota,10.9%,
2014/4/17,14_ota,10.1%,
2014/4/17,14_ota,8.2%,
2014/4/17,14_ota,12.1%,
2014/4/17,14_ota,9.7%,
2014/4/17,14_ota,10.3%,
2014/4/17,14_ota,10.2%,
2014/4/17,14_ota,10.1%,
2014/4/17,14_ota,9.6%,
2014/4/17,14_ota,9.9%,
2014/4/17,14_ota,11.2%,
2014/4/17,14_ota,8.8%,
2014/4/21,14_ota,11.9%,
2014/4/21,14_ota,10.9%,
2014/4/21,14_ota,14.7%,
2014/4/21,14_ota,11.2%,
2014/4/21,14_ota,11.3%,
2014/4/21,14_ota,11.4%,
2014/4/21,14_ota,10.5%,
2014/4/21,14_ota,12.6%,
2014/4/21,14_ota,14.0%,
2014/4/21,14_ota,9.5%,
2014/4/21,14_ota,11.7%,
2014/4/21,14_ota,11.4%,
2014/4/21,14_ota,10.5%,
2014/4/21,14_ota,15.2%,
2014/4/21,14_ota,10.5%,
2014/4/21,14_ota,8.9%,
2014/4/21,14_ota,10.9%,
2014/4/21,14_ota,11.8%,
2014/4/21,14_ota,13.2%,
2014/4/21,14_ota,9.7%,
2014/4/21,14_ota,10.4%,
2014/4/21,14_ota,11.7%,
2014/4/21,14_ota,9.6%,
2014/4/21,14_ota,12.5%,
2014/4/21,14_ota,9.4%,
2014/4/21,14_ota,9.6%,
2014/4/21,14_ota,11.2%,
2014/4/21,14_ota,10.4%,
2014/4/21,14_ota,12.8%,
2014/4/21,14_ota,13.2%,
2014/4/25,14_ota,12.8%,
2014/4/25,14_ota,14.4%,
2014/4/25,14_ota,11.0%,
2014/4/25,14_ota,10.6%,
2014/4/25,14_ota,11.4%,
2014/4/25,14_ota,15.7%,
2014/4/25,14_ota,10.9%,
2014/4/25,14_ota,19.1%,
2014/4/25,14_ota,13.0%,
2014/4/25,14_ota,11.6%,
2014/4/25,14_ota,9.8%,
2014/4/25,14_ota,8.8%,
2014/4/25,14_ota,7.9%,
2014/4/25,14_ota,11.4%,
2014/4/25,14_ota,16.6%,
2014/4/25,14_ota,11.6%,
2014/4/25,14_ota,5.9%,
2014/4/25,14_ota,12.8%,
2014/4/25,14_ota,9.2%,
2014/4/25,14_ota,12.0%,
2014/4/25,14_ota,9.0%,
2014/4/25,14_ota,6.8%,
2014/4/25,14_ota,5.3%,
2014/4/25,14_ota,10.1%,
2014/4/25,14_ota,11.5%,
2014/4/25,14_ota,4.4%,
2014/4/25,14_ota,13.1%,
2014/4/25,14_ota,10.1%,
2014/4/25,14_ota,13.9%,
2014/4/25,14_ota,10.3%,
2014/5/1,14_ota,4.9%,
2014/5/1,14_ota,7.4%,
2014/5/1,14_ota,5.1%,
2014/5/1,14_ota,6.3%,
2014/5/1,14_ota,5.6%,
2014/5/1,14_ota,5.3%,
2014/5/1,14_ota,8.0%,
2014/5/1,14_ota,4.5%,
2014/5/1,14_ota,4.2%,
2014/5/1,14_ota,7.7%,
2014/5/1,14_ota,4.6%,
2014/5/1,14_ota,6.3%,
2014/5/1,14_ota,4.4%,
2014/5/1,14_ota,5.6%,
2014/5/1,14_ota,5.3%,
2014/5/1,14_ota,6.2%,
2014/5/1,14_ota,5.4%,
2014/5/1,14_ota,6.8%,
2014/5/1,14_ota,6.8%,
2014/5/1,14_ota,5.0%,
2014/5/1,14_ota,5.8%,
2014/5/1,14_ota,6.7%,
2014/5/1,14_ota,7.6%,
2014/5/1,14_ota,8.4%,
2014/5/1,14_ota,3.7%,
2014/5/1,14_ota,7.2%,
2014/5/1,14_ota,8.0%,
2014/5/1,14_ota,7.0%,
2014/5/1,14_ota,6.1%,
2014/5/1,14_ota,6.1%,
2014/5/7,14_ota,3.7%,
2014/5/7,14_ota,5.6%,
2014/5/7,14_ota,3.4%,
2014/5/7,14_ota,7.0%,
2014/5/7,14_ota,5.1%,
2014/5/7,14_ota,4.4%,
2014/5/7,14_ota,8.6%,
2014/5/7,14_ota,5.5%,
2014/5/7,14_ota,3.0%,
2014/5/7,14_ota,3.9%,
2014/5/7,14_ota,5.0%,
2014/5/7,14_ota,5.5%,
2014/5/7,14_ota,5.2%,
2014/5/7,14_ota,3.8%,
2014/5/7,14_ota,5.0%,
2014/5/7,14_ota,5.9%,
2014/5/7,14_ota,6.0%,
2014/5/7,14_ota,3.3%,
2014/5/7,14_ota,6.1%,
2014/5/7,14_ota,3.8%,
2014/5/7,14_ota,5.4%,
2014/5/7,14_ota,5.0%,
2014/5/7,14_ota,4.2%,
2014/5/7,14_ota,3.6%,
2014/5/7,14_ota,4.4%,
2014/5/7,14_ota,4.2%,
2014/5/7,14_ota,4.3%,
2014/5/7,14_ota,5.3%,
2014/5/7,14_ota,3.7%,
2014/5/7,14_ota,4.6%,
2015/3/17,14_ota,8.4%,
2015/3/17,14_ota,8.6%,
2015/3/17,14_ota,8.9%,
2015/3/17,14_ota,6.7%,
2015/3/17,14_ota,8.2%,
2015/3/17,14_ota,9.3%,
2015/3/17,14_ota,9.4%,
2015/3/17,14_ota,8.8%,
2015/3/17,14_ota,8.0%,
2015/3/17,14_ota,9.1%,
2015/3/17,14_ota,8.2%,
2015/3/17,14_ota,6.2%,
2015/3/17,14_ota,5.6%,
2015/3/17,14_ota,8.4%,
2015/3/17,14_ota,6.2%,
2015/3/17,14_ota,7.2%,
2015/3/17,14_ota,8.5%,
2015/3/17,14_ota,8.2%,
2015/3/17,14_ota,7.6%,
2015/3/17,14_ota,6.0%,
2015/3/17,14_ota,7.6%,
2015/3/17,14_ota,7.7%,
2015/3/17,14_ota,9.2%,
2015/3/17,14_ota,7.6%,
2015/3/17,14_ota,11.8%,
2015/3/17,14_ota,9.3%,
2015/3/17,14_ota,9.1%,
2015/3/17,14_ota,8.5%,
2015/3/17,14_ota,6.5%,
2015/3/17,14_ota,8.5%,
2015/3/23,14_ota,6.5%,
2015/3/23,14_ota,9.4%,
2015/3/23,14_ota,7.3%,
2015/3/23,14_ota,8.0%,
2015/3/23,14_ota,7.6%,
2015/3/23,14_ota,4.9%,
2015/3/23,14_ota,6.9%,
2015/3/23,14_ota,8.2%,
2015/3/23,14_ota,8.3%,
2015/3/23,14_ota,7.3%,
2015/3/23,14_ota,7.5%,
2015/3/23,14_ota,8.9%,
2015/3/23,14_ota,7.2%,
2015/3/23,14_ota,5.8%,
2015/3/23,14_ota,8.9%,
2015/3/23,14_ota,7.8%,
2015/3/23,14_ota,8.1%,
2015/3/23,14_ota,8.3%,
2015/3/23,14_ota,8.4%,
2015/3/23,14_ota,7.3%,
2015/3/23,14_ota,7.7%,
2015/3/23,14_ota,9.9%,
2015/3/23,14_ota,5.1%,
2015/3/23,14_ota,6.6%,
2015/3/23,14_ota,5.0%,
2015/3/23,14_ota,9.7%,
2015/3/23,14_ota,10.7%,
2015/3/23,14_ota,5.9%,
2015/3/23,14_ota,7.8%,
2015/3/23,14_ota,6.8%,
2015/3/31,14_ota,9.7%,
2015/3/31,14_ota,7.8%,
2015/3/31,14_ota,8.5%,
2015/3/31,14_ota,10.1%,
2015/3/31,14_ota,10.3%,
2015/3/31,14_ota,7.8%,
2015/3/31,14_ota,8.7%,
2015/3/31,14_ota,8.6%,
2015/3/31,14_ota,8.4%,
2015/3/31,14_ota,11.3%,
2015/3/31,14_ota,6.2%,
2015/3/31,14_ota,8.0%,
2015/3/31,14_ota,6.7%,
2015/3/31,14_ota,8.1%,
2015/3/31,14_ota,8.4%,
2015/3/31,14_ota,9.0%,
2015/3/31,14_ota,8.4%,
2015/3/31,14_ota,6.2%,
2015/3/31,14_ota,6.3%,
2015/3/31,14_ota,4.9%,
2015/3/31,14_ota,10.0%,
2015/3/31,14_ota,8.4%,
2015/3/31,14_ota,12.2%,
2015/3/31,14_ota,8.2%,
2015/3/31,14_ota,9.8%,
2015/3/31,14_ota,9.6%,
2015/3/31,14_ota,8.9%,
2015/3/31,14_ota,7.8%,
2015/3/31,14_ota,11.0%,
2015/3/31,14_ota,6.7%,
2015/4/8,14_ota,3.9%,
2015/4/8,14_ota,6.7%,
2015/4/8,14_ota,4.0%,
2015/4/8,14_ota,5.9%,
2015/4/8,14_ota,10.2%,
2015/4/8,14_ota,4.9%,
2015/4/8,14_ota,6.1%,
2015/4/8,14_ota,4.8%,
2015/4/8,14_ota,6.8%,
2015/4/8,14_ota,6.7%,
2015/4/8,14_ota,4.0%,
2015/4/8,14_ota,5.9%,
2015/4/8,14_ota,4.1%,
2015/4/8,14_ota,7.3%,
2015/4/8,14_ota,9.5%,
2015/4/8,14_ota,3.9%,
2015/4/8,14_ota,3.7%,
2015/4/8,14_ota,4.0%,
2015/4/8,14_ota,9.6%,
2015/4/8,14_ota,5.0%,
2015/4/8,14_ota,7.1%,
2015/4/8,14_ota,4.5%,
2015/4/8,14_ota,4.4%,
2015/4/8,14_ota,7.3%,
2015/4/8,14_ota,4.7%,
2015/4/8,14_ota,4.8%,
2015/4/8,14_ota,7.6%,
2015/4/8,14_ota,4.5%,
2015/4/8,14_ota,5.3%,
2015/4/8,14_ota,6.0%,
2015/4/13,14_ota,6.3%,
2015/4/13,14_ota,4.3%,
2015/4/13,14_ota,6.2%,
2015/4/13,14_ota,5.8%,
2015/4/13,14_ota,7.0%,
2015/4/13,14_ota,5.4%,
2015/4/13,14_ota,8.0%,
2015/4/13,14_ota,6.6%,
2015/4/13,14_ota,3.0%,
2015/4/13,14_ota,4.9%,
2015/4/13,14_ota,6.8%,
2015/4/13,14_ota,6.0%,
2015/4/13,14_ota,3.9%,
2015/4/13,14_ota,5.6%,
2015/4/13,14_ota,7.1%,
2015/4/13,14_ota,6.1%,
2015/4/13,14_ota,4.5%,
2015/4/13,14_ota,4.3%,
2015/4/13,14_ota,2.9%,
2015/4/13,14_ota,7.1%,
2015/4/13,14_ota,7.7%,
2015/4/13,14_ota,9.4%,
2015/4/13,14_ota,4.1%,
2015/4/13,14_ota,2.7%,
2015/4/13,14_ota,8.2%,
2015/4/13,14_ota,5.1%,
2015/4/13,14_ota,8.2%,
2015/4/13,14_ota,6.3%,
2015/4/13,14_ota,3.5%,
2015/4/13,14_ota,10.9%,
2015/4/15,14_ota,4.5%,
2015/4/15,14_ota,5.9%,
2015/4/15,14_ota,8.4%,
2015/4/15,14_ota,2.7%,
2015/4/15,14_ota,8.2%,
2015/4/15,14_ota,2.4%,
2015/4/15,14_ota,4.3%,
2015/4/15,14_ota,2.1%,
2015/4/15,14_ota,5.1%,
2015/4/15,14_ota,6.2%,
2015/4/15,14_ota,3.1%,
2015/4/15,14_ota,4.5%,
2015/4/15,14_ota,4.9%,
2015/4/15,14_ota,5.4%,
2015/4/15,14_ota,2.9%,
2015/4/15,14_ota,6.3%,
2015/4/15,14_ota,5.0%,
2015/4/15,14_ota,4.3%,
2015/4/15,14_ota,4.4%,
2015/4/15,14_ota,4.9%,
2015/4/15,14_ota,4.0%,
2015/4/15,14_ota,4.7%,
2015/4/15,14_ota,5.8%,
2015/4/15,14_ota,3.8%,
2015/4/15,14_ota,6.3%,
2015/4/15,14_ota,5.0%,
2015/4/15,14_ota,5.3%,
2015/4/15,14_ota,8.5%,
2015/4/15,14_ota,7.6%,
2015/4/15,14_ota,4.1%,
2016/3/10,14_ota,7.1%,
2016/3/10,14_ota,7.9%,
2016/3/10,14_ota,7.5%,
2016/3/10,14_ota,6.2%,
2016/3/10,14_ota,5.5%,
2016/3/10,14_ota,7.2%,
2016/3/10,14_ota,8.6%,
2016/3/10,14_ota,7.7%,
2016/3/10,14_ota,8.6%,
2016/3/10,14_ota,9.9%,
2016/3/10,14_ota,7.4%,
2016/3/10,14_ota,4.5%,
2016/3/10,14_ota,11.1%,
2016/3/10,14_ota,6.9%,
2016/3/10,14_ota,10.0%,
2016/3/10,14_ota,7.6%,
2016/3/10,14_ota,7.2%,
2016/3/10,14_ota,6.1%,
2016/3/10,14_ota,9.5%,
2016/3/10,14_ota,6.2%,
2016/3/10,14_ota,6.2%,
2016/3/10,14_ota,5.8%,
2016/3/10,14_ota,8.9%,
2016/3/10,14_ota,7.6%,
2016/3/10,14_ota,5.6%,
2016/3/10,14_ota,9.3%,
2016/3/10,14_ota,8.0%,
2016/3/10,14_ota,7.7%,
2016/3/10,14_ota,9.1%,
2016/3/10,14_ota,0.0%,
2016/3/17,14_ota,10.0%,
2025/3/17,14_ota,10.2%,
2016/3/17,14_ota,8.4%,
2016/3/17,14_ota,10.4%,
2025/3/17,14_ota,10.3%,
2016/3/17,14_ota,11.5%,
2016/3/17,14_ota,10.4%,
2025/3/17,14_ota,7.0%,
2016/3/17,14_ota,9.8%,
2016/3/17,14_ota,8.9%,
2025/3/17,14_ota,10.0%,
2016/3/17,14_ota,11.3%,
2016/3/17,14_ota,8.7%,
2025/3/17,14_ota,8.5%,
2016/3/17,14_ota,7.6%,
2016/3/17,14_ota,7.3%,
2025/3/17,14_ota,6.7%,
2016/3/17,14_ota,9.2%,
2016/3/17,14_ota,7.8%,
2025/3/17,14_ota,6.6%,
2016/3/17,14_ota,7.1%,
2016/3/17,14_ota,7.9%,
2025/3/17,14_ota,7.9%,
2016/3/17,14_ota,11.1%,
2016/3/17,14_ota,7.5%,
2025/3/17,14_ota,8.2%,
2016/3/17,14_ota,7.6%,
2016/3/17,14_ota,8.4%,
2025/3/17,14_ota,8.1%,
2016/3/17,14_ota,9.0%,
2016/3/23,14_ota,10.2%,
2016/3/23,14_ota,12.4%,
2016/3/23,14_ota,13.3%,
2016/3/23,14_ota,8.8%,
2016/3/23,14_ota,9.4%,
2016/3/23,14_ota,10.9%,
2016/3/23,14_ota,11.8%,
2016/3/23,14_ota,9.2%,
2016/3/23,14_ota,10.3%,
2016/3/23,14_ota,11.3%,
2016/3/23,14_ota,10.9%,
2016/3/23,14_ota,9.4%,
2016/3/23,14_ota,11.2%,
2016/3/23,14_ota,12.8%,
2016/3/23,14_ota,11.3%,
2016/3/23,14_ota,10.4%,
2016/3/23,14_ota,15.1%,
2016/3/23,14_ota,9.4%,
2016/3/23,14_ota,9.9%,
2016/3/23,14_ota,11.1%,
2016/3/23,14_ota,12.3%,
2016/3/23,14_ota,9.6%,
2016/3/23,14_ota,11.9%,
2016/3/23,14_ota,10.0%,
2016/3/23,14_ota,11.4%,
2016/3/23,14_ota,9.5%,
2016/3/23,14_ota,10.7%,
2016/3/23,14_ota,8.9%,
2016/3/23,14_ota,10.1%,
2016/3/23,14_ota,9.9%,
2016/3/28,14_ota,10.0%,
2016/3/28,14_ota,7.4%,
2016/3/28,14_ota,8.8%,
2016/3/28,14_ota,7.6%,
2016/3/28,14_ota,11.3%,
2016/3/28,14_ota,9.2%,
2016/3/28,14_ota,11.5%,
2016/3/28,14_ota,7.4%,
2016/3/28,14_ota,10.4%,
2016/3/28,14_ota,12.2%,
2016/3/28,14_ota,10.3%,
2016/3/28,14_ota,10.9%,
2016/3/28,14_ota,13.4%,
2016/3/28,14_ota,11.1%,
2016/3/28,14_ota,13.6%,
2016/3/28,14_ota,11.5%,
2016/3/28,14_ota,13.7%,
2016/3/28,14_ota,6.9%,
2016/3/28,14_ota,13.2%,
2016/3/28,14_ota,10.3%,
2016/3/28,14_ota,13.3%,
2016/3/28,14_ota,7.1%,
2016/3/28,14_ota,10.4%,
2016/3/28,14_ota,11.4%,
2016/3/28,14_ota,9.4%,
2016/3/28,14_ota,10.0%,
2016/3/28,14_ota,10.4%,
2016/3/28,14_ota,10.1%,
2016/3/28,14_ota,12.0%,
2016/3/28,14_ota,8.1%,
2016/4/4,14_ota,6.2%,
2016/4/4,14_ota,11.3%,
2016/4/4,14_ota,11.6%,
2016/4/4,14_ota,10.8%,
2016/4/4,14_ota,9.9%,
2016/4/4,14_ota,10.4%,
2016/4/4,14_ota,12.1%,
2016/4/4,14_ota,9.2%,
2016/4/4,14_ota,14.2%,
2016/4/4,14_ota,6.9%,
2016/4/4,14_ota,9.8%,
2016/4/4,14_ota,6.0%,
2016/4/4,14_ota,10.1%,
2016/4/4,14_ota,12.0%,
2016/4/4,14_ota,11.4%,
2016/4/4,14_ota,10.8%,
2016/4/4,14_ota,9.3%,
2016/4/4,14_ota,10.5%,
2016/4/4,14_ota,7.6%,
2016/4/4,14_ota,9.1%,
2016/4/4,14_ota,12.9%,
2016/4/4,14_ota,11.7%,
2016/4/4,14_ota,9.7%,
2016/4/4,14_ota,9.5%,
2016/4/4,14_ota,8.8%,
2016/4/4,14_ota,13.5%,
2016/4/4,14_ota,8.5%,
2016/4/4,14_ota,10.3%,
2016/4/4,14_ota,9.2%,
2016/4/4,14_ota,7.8%,
2016/4/7,14_ota,7.7%,
2016/4/7,14_ota,8.4%,
2016/4/7,14_ota,10.4%,
2016/4/7,14_ota,11.5%,
2016/4/7,14_ota,8.8%,
2016/4/7,14_ota,8.9%,
2016/4/7,14_ota,9.2%,
2016/4/7,14_ota,8.7%,
2016/4/7,14_ota,8.7%,
2016/4/7,14_ota,6.8%,
2016/4/7,14_ota,10.4%,
2016/4/7,14_ota,9.5%,
2016/4/7,14_ota,9.9%,
2016/4/7,14_ota,9.2%,
2016/4/7,14_ota,8.6%,
2016/4/7,14_ota,7.0%,
2016/4/7,14_ota,6.1%,
2016/4/7,14_ota,6.8%,
2016/4/7,14_ota,6.2%,
2016/4/7,14_ota,5.8%,
2016/4/7,14_ota,7.0%,
2016/4/7,14_ota,8.1%,
2016/4/7,14_ota,9.3%,
2016/4/7,14_ota,7.4%,
2016/4/7,14_ota,7.6%,
2016/4/7,14_ota,7.9%,
2016/4/7,14_ota,8.1%,
2016/4/7,14_ota,7.8%,
2016/4/7,14_ota,7.3%,
2016/4/7,14_ota,11.8%,
2016/4/13,14_ota,6.0%,
2016/4/13,14_ota,7.8%,
2016/4/13,14_ota,6.1%,
2016/4/13,14_ota,6.5%,
2016/4/13,14_ota,5.4%,
2016/4/13,14_ota,5.3%,
2016/4/13,14_ota,6.7%,
2016/4/13,14_ota,6.4%,
2016/4/13,14_ota,7.3%,
2016/4/13,14_ota,6.5%,
2016/4/13,14_ota,8.7%,
2016/4/13,14_ota,8.0%,
2016/4/13,14_ota,6.4%,
2016/4/13,14_ota,5.0%,
2016/4/13,14_ota,8.4%,
2016/4/13,14_ota,5.0%,
2016/4/13,14_ota,8.8%,
2016/4/13,14_ota,6.2%,
2016/4/13,14_ota,6.9%,
2016/4/13,14_ota,6.9%,
2016/4/13,14_ota,10.4%,
2016/4/13,14_ota,6.0%,
2016/4/13,14_ota,7.4%,
2016/4/13,14_ota,5.1%,
2016/4/13,14_ota,7.1%,
2016/4/13,14_ota,7.5%,
2016/4/13,14_ota,8.2%,
2016/4/13,14_ota,6.6%,
2016/4/13,14_ota,7.0%,
2016/4/13,14_ota,6.0%,
2016/4/19,14_ota,4.3%,
2016/4/19,14_ota,6.6%,
2016/4/19,14_ota,8.0%,
2016/4/19,14_ota,8.6%,
2016/4/19,14_ota,5.4%,
2016/4/19,14_ota,9.4%,
2016/4/19,14_ota,6.3%,
2016/4/19,14_ota,4.6%,
2016/4/19,14_ota,7.7%,
2016/4/19,14_ota,8.1%,
2016/4/19,14_ota,7.3%,
2016/4/19,14_ota,6.7%,
2016/4/19,14_ota,7.2%,
2016/4/19,14_ota,6.5%,
2016/4/19,14_ota,7.7%,
2016/4/19,14_ota,10.0%,
2016/4/19,14_ota,7.1%,
2016/4/19,14_ota,7.2%,
2016/4/19,14_ota,10.6%,
2016/4/19,14_ota,6.5%,
2016/4/19,14_ota,5.4%,
2016/4/19,14_ota,7.3%,
2016/4/19,14_ota,6.1%,
2016/4/19,14_ota,8.5%,
2016/4/19,14_ota,8.4%,
2016/4/19,14_ota,10.4%,
2016/4/19,14_ota,7.1%,
2016/4/19,14_ota,4.5%,
2016/4/19,14_ota,11.5%,
2016/4/19,14_ota,6.9%,
2017/3/10,14_ota,9.5%,
2017/3/10,14_ota,10.4%,
2017/3/10,14_ota,11.1%,
2017/3/10,14_ota,8.2%,
2017/3/10,14_ota,9.9%,
2017/3/10,14_ota,6.9%,
2017/3/10,14_ota,9.8%,
2017/3/10,14_ota,11.3%,
2017/3/10,14_ota,6.5%,
2017/3/10,14_ota,9.1%,
2017/3/10,14_ota,6.2%,
2017/3/10,14_ota,14.8%,
2017/3/10,14_ota,9.4%,
2017/3/10,14_ota,11.9%,
2017/3/10,14_ota,9.5%,
2017/3/10,14_ota,8.6%,
2017/3/10,14_ota,9.8%,
2017/3/10,14_ota,9.3%,
2017/3/10,14_ota,13.7%,
2017/3/10,14_ota,9.7%,
2017/3/10,14_ota,11.2%,
2017/3/10,14_ota,11.7%,
2017/3/10,14_ota,8.7%,
2017/3/10,14_ota,11.8%,
2017/3/10,14_ota,5.8%,
2017/3/10,14_ota,9.5%,
2017/3/10,14_ota,10.7%,
2017/3/10,14_ota,13.9%,
2017/3/10,14_ota,9.3%,
2017/3/10,14_ota,10.7%,
2017/3/14,14_ota,8.8%,
2017/3/14,14_ota,11.0%,
2017/3/14,14_ota,9.2%,
2017/3/14,14_ota,12.3%,
2017/3/14,14_ota,12.5%,
2017/3/14,14_ota,8.5%,
2017/3/14,14_ota,9.1%,
2017/3/14,14_ota,10.2%,
2017/3/14,14_ota,12.8%,
2017/3/14,14_ota,9.6%,
2017/3/14,14_ota,11.5%,
2017/3/14,14_ota,10.2%,
2017/3/14,14_ota,7.5%,
2017/3/14,14_ota,10.8%,
2017/3/14,14_ota,9.6%,
2017/3/14,14_ota,10.3%,
2017/3/14,14_ota,11.1%,
2017/3/14,14_ota,10.9%,
2017/3/14,14_ota,6.6%,
2017/3/14,14_ota,11.1%,
2017/3/14,14_ota,9.8%,
2017/3/14,14_ota,8.5%,
2017/3/14,14_ota,12.5%,
2017/3/14,14_ota,10.5%,
2017/3/14,14_ota,10.3%,
2017/3/14,14_ota,12.6%,
2017/3/14,14_ota,9.8%,
2017/3/14,14_ota,14.0%,
2017/3/14,14_ota,12.9%,
2017/3/14,14_ota,11.5%,
2017/3/21,14_ota,11.0%,
2017/3/21,14_ota,9.7%,
2017/3/21,14_ota,11.3%,
2017/3/21,14_ota,13.8%,
2017/3/21,14_ota,10.8%,
2017/3/21,14_ota,10.4%,
2017/3/21,14_ota,12.0%,
2017/3/21,14_ota,13.0%,
2017/3/21,14_ota,10.2%,
2017/3/21,14_ota,12.1%,
2017/3/21,14_ota,10.7%,
2017/3/21,14_ota,12.7%,
2017/3/21,14_ota,11.0%,
2017/3/21,14_ota,10.9%,
2017/3/21,14_ota,9.2%,
2017/3/21,14_ota,6.6%,
2017/3/21,14_ota,9.6%,
2017/3/21,14_ota,12.4%,
2017/3/21,14_ota,9.8%,
2017/3/21,14_ota,11.7%,
2017/3/21,14_ota,6.7%,
2017/3/21,14_ota,12.4%,
2017/3/21,14_ota,10.2%,
2017/3/21,14_ota,7.7%,
2017/3/21,14_ota,13.1%,
2017/3/21,14_ota,12.1%,
2017/3/21,14_ota,9.3%,
2017/3/21,14_ota,10.6%,
2017/3/21,14_ota,10.2%,
2017/3/21,14_ota,8.3%,
2017/3/27,14_ota,14.3%,
2017/3/27,14_ota,11.8%,
2017/3/27,14_ota,12.3%,
2017/3/27,14_ota,9.8%,
2017/3/27,14_ota,8.1%,
2017/3/27,14_ota,11.2%,
2017/3/27,14_ota,10.7%,
2017/3/27,14_ota,9.6%,
2017/3/27,14_ota,11.8%,
2017/3/27,14_ota,14.6%,
2017/3/27,14_ota,10.8%,
2017/3/27,14_ota,10.1%,
2017/3/27,14_ota,10.9%,
2017/3/27,14_ota,9.7%,
2017/3/27,14_ota,11.9%,
2017/3/27,14_ota,12.6%,
2017/3/27,14_ota,13.8%,
2017/3/27,14_ota,12.4%,
2017/3/27,14_ota,12.7%,
2017/3/27,14_ota,12.1%,
2017/3/27,14_ota,12.7%,
2017/3/27,14_ota,10.8%,
2017/3/27,14_ota,10.3%,
2017/3/27,14_ota,8.7%,
2017/3/27,14_ota,11.4%,
2017/3/27,14_ota,11.7%,
2017/3/27,14_ota,9.2%,
2017/3/27,14_ota,12.8%,
2017/3/27,14_ota,8.2%,
2017/3/27,14_ota,8.3%,
2017/4/3,14_ota,8.7%,
2017/4/3,14_ota,10.3%,
2017/4/3,14_ota,12.9%,
2017/4/3,14_ota,8.9%,
2017/4/3,14_ota,6.9%,
2017/4/3,14_ota,6.2%,
2017/4/3,14_ota,12.1%,
2017/4/3,14_ota,11.8%,
2017/4/3,14_ota,12.5%,
2017/4/3,14_ota,12.9%,
2017/4/3,14_ota,10.5%,
2017/4/3,14_ota,8.9%,
2017/4/3,14_ota,11.5%,
2017/4/3,14_ota,13.1%,
2017/4/3,14_ota,8.7%,
2017/4/3,14_ota,6.3%,
2017/4/3,14_ota,8.7%,
2017/4/3,14_ota,9.0%,
2017/4/3,14_ota,9.1%,
2017/4/3,14_ota,8.2%,
2017/4/3,14_ota,6.1%,
2017/4/3,14_ota,9.1%,
2017/4/3,14_ota,12.2%,
2017/4/3,14_ota,7.6%,
2017/4/3,14_ota,11.3%,
2017/4/3,14_ota,13.8%,
2017/4/3,14_ota,7.4%,
2017/4/3,14_ota,9.4%,
2017/4/3,14_ota,10.3%,
2017/4/3,14_ota,13.2%,
2017/4/11,14_ota,#DIV/0!,
2017/4/11,14_ota,#DIV/0!,
2017/4/11,14_ota,#DIV/0!,
2017/4/11,14_ota,#DIV/0!,
2017/4/11,14_ota,#DIV/0!,
2017/4/11,14_ota,#DIV/0!,
2017/4/11,14_ota,#DIV/0!,
2017/4/11,14_ota,#DIV/0!,
2017/4/11,14_ota,#DIV/0!,
2017/4/11,14_ota,#DIV/0!,
2017/4/11,14_ota,#DIV/0!,
2017/4/11,14_ota,#DIV/0!,
2017/4/11,14_ota,#DIV/0!,
2017/4/11,14_ota,#DIV/0!,
2017/4/11,14_ota,#DIV/0!,
2017/4/11,14_ota,#DIV/0!,
2017/4/11,14_ota,#DIV/0!,
2017/4/11,14_ota,#DIV/0!,
2017/4/11,14_ota,#DIV/0!,
2017/4/11,14_ota,#DIV/0!,
2017/4/11,14_ota,#DIV/0!,
2017/4/11,14_ota,#DIV/0!,
2017/4/11,14_ota,#DIV/0!,
2017/4/11,14_ota,#DIV/0!,
2017/4/11,14_ota,#DIV/0!,
2017/4/11,14_ota,#DIV/0!,
2017/4/11,14_ota,#DIV/0!,
2017/4/11,14_ota,#DIV/0!,
2017/4/11,14_ota,#DIV/0!,
2017/4/11,14_ota,#DIV/0!,
2018/2/26,14_ota,#DIV/0!,
2018/2/26,14_ota,#DIV/0!,
2018/2/26,14_ota,#DIV/0!,
2018/2/26,14_ota,#DIV/0!,
2018/2/26,14_ota,#DIV/0!,
2018/2/26,14_ota,#DIV/0!,
2018/2/26,14_ota,#DIV/0!,
2018/2/26,14_ota,#DIV/0!,
2018/2/26,14_ota,#DIV/0!,
2018/2/26,14_ota,#DIV/0!,
2018/2/26,14_ota,#DIV/0!,
2018/2/26,14_ota,#DIV/0!,
2018/2/26,14_ota,#DIV/0!,
2018/2/26,14_ota,#DIV/0!,
2018/2/26,14_ota,#DIV/0!,
2018/2/26,14_ota,#DIV/0!,
2018/2/26,14_ota,#DIV/0!,
2018/2/26,14_ota,#DIV/0!,
2018/2/26,14_ota,#DIV/0!,
2018/2/26,14_ota,#DIV/0!,
2018/2/26,14_ota,#DIV/0!,
2018/2/26,14_ota,#DIV/0!,
2018/2/26,14_ota,#DIV/0!,
2018/2/26,14_ota,#DIV/0!,
2018/2/26,14_ota,#DIV/0!,
2018/2/26,14_ota,#DIV/0!,
2018/2/26,14_ota,#DIV/0!,
2018/2/26,14_ota,#DIV/0!,
2018/2/26,14_ota,#DIV/0!,
2018/2/26,14_ota,#DIV/0!,
2018/3/8,14_ota,9.3%,
2018/3/8,14_ota,10.8%,
2018/3/8,14_ota,8.9%,
2018/3/8,14_ota,8.3%,
2018/3/8,14_ota,10.8%,
2018/3/8,14_ota,11.0%,
2018/3/8,14_ota,9.2%,
2018/3/8,14_ota,10.1%,
2018/3/8,14_ota,10.8%,
2018/3/8,14_ota,7.2%,
2018/3/8,14_ota,10.2%,
2018/3/8,14_ota,9.2%,
2018/3/8,14_ota,7.9%,
2018/3/8,14_ota,6.8%,
2018/3/8,14_ota,10.8%,
2018/3/8,14_ota,11.8%,
2018/3/8,14_ota,7.0%,
2018/3/8,14_ota,9.1%,
2018/3/8,14_ota,10.1%,
2018/3/8,14_ota,9.6%,
2018/3/8,14_ota,12.2%,
2018/3/8,14_ota,9.2%,
2018/3/8,14_ota,14.3%,
2018/3/8,14_ota,11.7%,
2018/3/8,14_ota,15.0%,
2018/3/8,14_ota,11.9%,
2018/3/8,14_ota,11.6%,
2018/3/8,14_ota,8.0%,
2018/3/8,14_ota,10.0%,
2018/3/8,14_ota,7.8%,
2018/3/12,14_ota,11.5%,
2018/3/12,14_ota,8.9%,
2018/3/12,14_ota,10.1%,
2018/3/12,14_ota,10.5%,
2018/3/12,14_ota,10.7%,
2018/3/12,14_ota,11.5%,
2018/3/12,14_ota,9.5%,
2018/3/12,14_ota,9.2%,
2018/3/12,14_ota,8.0%,
2018/3/12,14_ota,8.0%,
2018/3/12,14_ota,9.6%,
2018/3/12,14_ota,10.7%,
2018/3/12,14_ota,8.7%,
2018/3/12,14_ota,13.2%,
2018/3/12,14_ota,12.8%,
2018/3/12,14_ota,9.0%,
2018/3/12,14_ota,8.8%,
2018/3/12,14_ota,11.7%,
2018/3/12,14_ota,9.2%,
2018/3/12,14_ota,11.0%,
2018/3/12,14_ota,10.6%,
2018/3/12,14_ota,8.5%,
2018/3/12,14_ota,8.6%,
2018/3/12,14_ota,8.5%,
2018/3/12,14_ota,12.0%,
2018/3/12,14_ota,8.2%,
2018/3/12,14_ota,8.7%,
2018/3/12,14_ota,12.8%,
2018/3/12,14_ota,7.8%,
2018/3/12,14_ota,13.1%,
2018/3/20,14_ota,13.4%,
2018/3/20,14_ota,11.5%,
2018/3/20,14_ota,12.7%,
2018/3/20,14_ota,10.8%,
2018/3/20,14_ota,12.9%,
2018/3/20,14_ota,12.8%,
2018/3/20,14_ota,9.7%,
2018/3/20,14_ota,11.7%,
2018/3/20,14_ota,11.7%,
2018/3/20,14_ota,11.2%,
2018/3/20,14_ota,11.0%,
2018/3/20,14_ota,9.6%,
2018/3/20,14_ota,12.8%,
2018/3/20,14_ota,12.3%,
2018/3/20,14_ota,13.0%,
2018/3/20,14_ota,7.8%,
2018/3/20,14_ota,12.7%,
2018/3/20,14_ota,13.2%,
2018/3/20,14_ota,11.3%,
2018/3/20,14_ota,12.0%,
2018/3/20,14_ota,7.0%,
2018/3/20,14_ota,8.9%,
2018/3/20,14_ota,13.1%,
2018/3/20,14_ota,13.6%,
2018/3/20,14_ota,10.8%,
2018/3/20,14_ota,9.4%,
2018/3/20,14_ota,11.3%,
2018/3/20,14_ota,10.2%,
2018/3/20,14_ota,12.2%,
2018/3/20,14_ota,12.5%,
2018/3/27,14_ota,12.6%,
2018/3/27,14_ota,14.6%,
2018/3/27,14_ota,9.9%,
2018/3/27,14_ota,13.1%,
2018/3/27,14_ota,10.0%,
2018/3/27,14_ota,15.4%,
2018/3/27,14_ota,15.9%,
2018/3/27,14_ota,15.9%,
2018/3/27,14_ota,15.8%,
2018/3/27,14_ota,11.6%,
2018/3/27,14_ota,12.8%,
2018/3/27,14_ota,17.0%,
2018/3/27,14_ota,14.1%,
2018/3/27,14_ota,12.9%,
2018/3/27,14_ota,11.7%,
2018/3/27,14_ota,10.9%,
2018/3/27,14_ota,10.5%,
2018/3/27,14_ota,16.2%,
2018/3/27,14_ota,9.5%,
2018/3/27,14_ota,15.5%,
2018/3/27,14_ota,15.0%,
2018/3/27,14_ota,11.2%,
2018/3/27,14_ota,14.2%,
2018/3/27,14_ota,11.1%,
2018/3/27,14_ota,13.0%,
2018/3/27,14_ota,10.3%,
2018/3/27,14_ota,13.5%,
2018/3/27,14_ota,12.7%,
2018/3/27,14_ota,14.1%,
2018/4/3,14_ota,9.9%,
2018/4/3,14_ota,8.9%,
2018/4/3,14_ota,7.1%,
2018/4/3,14_ota,7.9%,
2018/4/3,14_ota,13.7%,
2018/4/3,14_ota,15.2%,
2018/4/3,14_ota,6.1%,
2018/4/3,14_ota,10.1%,
2018/4/3,14_ota,8.9%,
2018/4/3,14_ota,12.3%,
2018/4/3,14_ota,8.2%,
2018/4/3,14_ota,7.7%,
2018/4/3,14_ota,11.4%,
2018/4/3,14_ota,8.2%,
2018/4/3,14_ota,10.5%,
2018/4/3,14_ota,13.2%,
2018/4/3,14_ota,11.3%,
2018/4/3,14_ota,8.2%,
2018/4/3,14_ota,13.4%,
2018/4/3,14_ota,9.7%,
2018/4/3,14_ota,9.9%,
2018/4/3,14_ota,9.9%,
2018/4/3,14_ota,8.1%,
2018/4/3,14_ota,6.3%,
2018/4/3,14_ota,9.7%,
2018/4/3,14_ota,11.0%,
2018/4/3,14_ota,8.4%,
2018/4/3,14_ota,12.5%,
2018/4/3,14_ota,7.6%,
2018/4/3,14_ota,11.3%,
2018/4/10,14_ota,9.8%,
2018/4/10,14_ota,10.9%,
2018/4/10,14_ota,9.1%,
2018/4/10,14_ota,8.1%,
2018/4/10,14_ota,9.4%,
2018/4/10,14_ota,8.6%,
2018/4/10,14_ota,9.6%,
2018/4/10,14_ota,11.9%,
2018/4/10,14_ota,12.4%,
2018/4/10,14_ota,9.0%,
2018/4/10,14_ota,6.3%,
2018/4/10,14_ota,8.5%,
2018/4/10,14_ota,8.0%,
2018/4/10,14_ota,8.0%,
2018/4/10,14_ota,8.4%,
2018/4/10,14_ota,6.5%,
2018/4/10,14_ota,8.0%,
2018/4/10,14_ota,12.5%,
2018/4/10,14_ota,7.6%,
2018/4/10,14_ota,8.3%,
2018/4/10,14_ota,12.4%,
2018/4/10,14_ota,9.6%,
2018/4/10,14_ota,7.5%,
2018/4/10,14_ota,10.0%,
2018/4/10,14_ota,8.7%,
2018/4/10,14_ota,6.8%,
2018/4/10,14_ota,12.3%,
2018/4/10,14_ota,8.0%,
2018/4/10,14_ota,8.2%,
2018/4/10,14_ota,11.5%,
2019/3/5,14_ota,6.6%,
2019/3/5,14_ota,7.8%,
2019/3/5,14_ota,7.3%,
2019/3/5,14_ota,5.5%,
2019/3/5,14_ota,6.2%,
2019/3/5,14_ota,7.8%,
2019/3/5,14_ota,5.6%,
2019/3/5,14_ota,5.6%,
2019/3/5,14_ota,7.4%,
2019/3/5,14_ota,7.0%,
2019/3/5,14_ota,6.2%,
2019/3/5,14_ota,4.9%,
2019/3/5,14_ota,4.7%,
2019/3/5,14_ota,5.9%,
2019/3/5,14_ota,6.3%,
2019/3/5,14_ota,7.1%,
2019/3/5,14_ota,5.7%,
2019/3/5,14_ota,6.5%,
2019/3/5,14_ota,9.2%,
2019/3/5,14_ota,8.1%,
2019/3/5,14_ota,5.9%,
2019/3/5,14_ota,7.2%,
2019/3/5,14_ota,6.6%,
2019/3/5,14_ota,9.3%,
2019/3/5,14_ota,6.1%,
2019/3/5,14_ota,6.0%,
2019/3/5,14_ota,5.1%,
2019/3/5,14_ota,6.5%,
2019/3/5,14_ota,5.9%,
2019/3/5,14_ota,5.6%,
2019/3/13,14_ota,6.9%,
2019/3/13,14_ota,6.8%,
2019/3/13,14_ota,8.6%,
2019/3/13,14_ota,8.1%,
2019/3/13,14_ota,7.8%,
2019/3/13,14_ota,7.2%,
2019/3/13,14_ota,6.5%,
2019/3/13,14_ota,5.4%,
2019/3/13,14_ota,5.4%,
2019/3/13,14_ota,7.0%,
2019/3/13,14_ota,7.8%,
2019/3/13,14_ota,5.4%,
2019/3/13,14_ota,8.0%,
2019/3/13,14_ota,10.3%,
2019/3/13,14_ota,9.1%,
2019/3/13,14_ota,5.6%,
2019/3/13,14_ota,8.1%,
2019/3/13,14_ota,8.5%,
2019/3/13,14_ota,8.8%,
2019/3/13,14_ota,7.2%,
2019/3/13,14_ota,8.1%,
2019/3/13,14_ota,4.9%,
2019/3/13,14_ota,9.0%,
2019/3/13,14_ota,7.3%,
2019/3/13,14_ota,8.4%,
2019/3/13,14_ota,9.4%,
2019/3/13,14_ota,8.2%,
2019/3/13,14_ota,7.3%,
2019/3/13,14_ota,5.9%,
2019/3/13,14_ota,7.9%,
2019/3/19,14_ota,9.0%,
2019/3/19,14_ota,7.6%,
2019/3/19,14_ota,8.1%,
2019/3/19,14_ota,9.5%,
2019/3/19,14_ota,7.1%,
2019/3/19,14_ota,7.0%,
2019/3/19,14_ota,7.1%,
2019/3/19,14_ota,4.8%,
2019/3/19,14_ota,8.7%,
2019/3/19,14_ota,8.4%,
2019/3/19,14_ota,8.8%,
2019/3/19,14_ota,7.2%,
2019/3/19,14_ota,10.4%,
2019/3/19,14_ota,8.5%,
2019/3/19,14_ota,10.0%,
2019/3/19,14_ota,7.7%,
2019/3/19,14_ota,9.7%,
2019/3/19,14_ota,10.1%,
2019/3/19,14_ota,7.7%,
2019/3/19,14_ota,9.4%,
2019/3/19,14_ota,11.2%,
2019/3/19,14_ota,9.6%,
2019/3/19,14_ota,8.3%,
2019/3/19,14_ota,6.1%,
2019/3/19,14_ota,11.4%,
2019/3/19,14_ota,8.6%,
2019/3/19,14_ota,7.4%,
2019/3/19,14_ota,11.0%,
2019/3/19,14_ota,10.3%,
2019/3/19,14_ota,8.1%,
2019/3/26,14_ota,12.6%,
2019/3/26,14_ota,13.5%,
2019/3/26,14_ota,11.9%,
2019/3/26,14_ota,14.2%,
2019/3/26,14_ota,9.8%,
2019/3/26,14_ota,12.5%,
2019/3/26,14_ota,14.2%,
2019/3/26,14_ota,12.7%,
2019/3/26,14_ota,15.5%,
2019/3/26,14_ota,12.2%,
2019/3/26,14_ota,8.9%,
2019/3/26,14_ota,13.6%,
2019/3/26,14_ota,15.3%,
2019/3/26,14_ota,11.6%,
2019/3/26,14_ota,15.9%,
2019/3/26,14_ota,14.7%,
2019/3/26,14_ota,16.1%,
2019/3/26,14_ota,11.5%,
2019/3/26,14_ota,12.0%,
2019/3/26,14_ota,12.9%,
2019/3/26,14_ota,10.7%,
2019/3/26,14_ota,10.7%,
2019/3/26,14_ota,12.8%,
2019/3/26,14_ota,15.0%,
2019/3/26,14_ota,13.4%,
2019/3/26,14_ota,14.2%,
2019/3/26,14_ota,12.1%,
2019/3/26,14_ota,15.7%,
2019/3/26,14_ota,10.2%,
2019/3/26,14_ota,13.1%,
2019/3/26,14_ota,9.5%,
2019/3/26,14_ota,8.8%,
2019/3/26,14_ota,9.5%,
2019/3/26,14_ota,6.0%,
2019/3/26,14_ota,7.0%,
2019/3/26,14_ota,7.0%,
2019/3/26,14_ota,5.1%,
2019/3/26,14_ota,8.1%,
2019/3/26,14_ota,7.9%,
2019/3/26,14_ota,10.8%,
2019/3/26,14_ota,9.6%,
2019/3/26,14_ota,9.7%,
2019/3/26,14_ota,12.1%,
2019/3/26,14_ota,12.3%,
2019/3/26,14_ota,7.8%,
2019/3/26,14_ota,8.1%,
2019/3/26,14_ota,8.4%,
2019/3/26,14_ota,9.0%,
2019/3/26,14_ota,7.3%,
2019/3/26,14_ota,7.7%,
2019/3/26,14_ota,8.1%,
2019/3/26,14_ota,7.5%,
2019/3/26,14_ota,7.6%,
2019/3/26,14_ota,7.1%,
2019/3/26,14_ota,6.2%,
2019/3/26,14_ota,11.0%,
2019/3/26,14_ota,7.6%,
2019/3/26,14_ota,9.7%,
2019/3/26,14_ota,7.6%,
2019/3/26,14_ota,11.2%,
2019/4/2,14_ota,10.5%,
2019/4/2,14_ota,11.2%,
2019/4/2,14_ota,10.7%,
2019/4/2,14_ota,9.9%,
2019/4/2,14_ota,8.7%,
2019/4/2,14_ota,13.2%,
2019/4/2,14_ota,9.2%,
2019/4/2,14_ota,11.6%,
2019/4/2,14_ota,13.2%,
2019/4/2,14_ota,14.4%,
2019/4/2,14_ota,14.2%,
2019/4/2,14_ota,11.4%,
2019/4/2,14_ota,12.8%,
2019/4/2,14_ota,9.8%,
2019/4/2,14_ota,13.0%,
2019/4/2,14_ota,12.6%,
2019/4/2,14_ota,11.3%,
2019/4/2,14_ota,11.2%,
2019/4/2,14_ota,10.0%,
2019/4/2,14_ota,10.3%,
2019/4/2,14_ota,8.0%,
2019/4/2,14_ota,8.6%,
2019/4/2,14_ota,8.9%,
2019/4/2,14_ota,13.1%,
2019/4/2,14_ota,12.3%,
2019/4/2,14_ota,12.5%,
2019/4/2,14_ota,11.5%,
2019/4/2,14_ota,12.5%,
2019/4/2,14_ota,15.1%,
2019/4/2,14_ota,13.3%,
2019/4/10,14_ota,6.9%,
2019/4/10,14_ota,10.9%,
2019/4/10,14_ota,8.7%,
2019/4/10,14_ota,9.7%,
2019/4/10,14_ota,9.6%,
2019/4/10,14_ota,9.8%,
2019/4/10,14_ota,11.7%,
2019/4/10,14_ota,12.0%,
2019/4/10,14_ota,6.7%,
2019/4/10,14_ota,7.4%,
2019/4/10,14_ota,10.0%,
2019/4/10,14_ota,7.1%,
2019/4/10,14_ota,9.3%,
2019/4/10,14_ota,16.5%,
2019/4/10,14_ota,10.1%,
2019/4/10,14_ota,13.6%,
2019/4/10,14_ota,9.7%,
2019/4/10,14_ota,14.7%,
2019/4/10,14_ota,10.6%,
2019/4/10,14_ota,11.4%,
2019/4/10,14_ota,11.8%,
2019/4/10,14_ota,17.3%,
2019/4/10,14_ota,17.9%,
2019/4/10,14_ota,12.5%,
2019/4/10,14_ota,10.1%,
2019/4/10,14_ota,15.7%,
2019/4/10,14_ota,13.7%,
2019/4/10,14_ota,11.9%,
2019/4/10,14_ota,8.7%,
2019/4/10,14_ota,13.2%,
2020/3/10,14_ota,6.6%,
2020/3/10,14_ota,9.4%,
2020/3/10,14_ota,10.4%,
2020/3/10,14_ota,8.1%,
2020/3/10,14_ota,7.8%,
2020/3/10,14_ota,8.9%,
2020/3/10,14_ota,6.0%,
2020/3/10,14_ota,7.8%,
2020/3/10,14_ota,8.3%,
2020/3/10,14_ota,6.0%,
2020/3/10,14_ota,7.9%,
2020/3/10,14_ota,6.6%,
2020/3/10,14_ota,8.2%,
2020/3/10,14_ota,4.7%,
2020/3/10,14_ota,8.2%,
2020/3/10,14_ota,6.7%,
2020/3/10,14_ota,6.0%,
2020/3/10,14_ota,10.0%,
2020/3/10,14_ota,5.9%,
2020/3/10,14_ota,6.9%,
2020/3/10,14_ota,7.9%,
2020/3/10,14_ota,7.0%,
2020/3/10,14_ota,6.3%,
2020/3/10,14_ota,9.1%,
2020/3/10,14_ota,7.1%,
2020/3/10,14_ota,7.9%,
2020/3/10,14_ota,7.2%,
2020/3/10,14_ota,7.5%,
2020/3/10,14_ota,6.1%,
2020/3/10,14_ota,4.8%,
2020/3/17,14_ota,11.1%,
2020/3/17,14_ota,9.5%,
2020/3/17,14_ota,9.5%,
2020/3/17,14_ota,9.8%,
2020/3/17,14_ota,9.3%,
2020/3/17,14_ota,9.9%,
2020/3/17,14_ota,8.6%,
2020/3/17,14_ota,10.2%,
2020/3/17,14_ota,5.8%,
2020/3/17,14_ota,9.0%,
2020/3/17,14_ota,8.8%,
2020/3/17,14_ota,9.5%,
2020/3/17,14_ota,7.1%,
2020/3/17,14_ota,10.5%,
2020/3/17,14_ota,10.7%,
2020/3/17,14_ota,9.6%,
2020/3/17,14_ota,7.8%,
2020/3/17,14_ota,9.7%,
2020/3/17,14_ota,9.0%,
2020/3/17,14_ota,11.2%,
2020/3/17,14_ota,7.9%,
2020/3/17,14_ota,9.9%,
2020/3/17,14_ota,8.6%,
2020/3/17,14_ota,9.1%,
2020/3/17,14_ota,6.8%,
2020/3/17,14_ota,9.6%,
2020/3/17,14_ota,9.9%,
2020/3/17,14_ota,11.8%,
2020/3/17,14_ota,7.7%,
2020/3/17,14_ota,7.6%,
2020/3/24,14_ota,9.5%,
2020/3/24,14_ota,9.9%,
2020/3/24,14_ota,11.8%,
2020/3/24,14_ota,10.4%,
2020/3/24,14_ota,13.1%,
2020/3/24,14_ota,14.2%,
2020/3/24,14_ota,11.9%,
2020/3/24,14_ota,8.9%,
2020/3/24,14_ota,11.4%,
2020/3/24,14_ota,9.5%,
2020/3/24,14_ota,11.2%,
2020/3/24,14_ota,9.6%,
2020/3/24,14_ota,8.8%,
2020/3/24,14_ota,13.4%,
2020/3/24,14_ota,9.8%,
2020/3/24,14_ota,14.6%,
2020/3/24,14_ota,7.6%,
2020/3/24,14_ota,9.8%,
2020/3/24,14_ota,7.0%,
2020/3/24,14_ota,8.5%,
2020/3/24,14_ota,11.0%,
2020/3/24,14_ota,10.5%,
2020/3/24,14_ota,7.8%,
2020/3/24,14_ota,12.6%,
2020/3/24,14_ota,10.1%,
2020/3/24,14_ota,12.0%,
2020/3/24,14_ota,7.2%,
2020/3/24,14_ota,11.0%,
2020/3/24,14_ota,9.9%,
2020/3/24,14_ota,8.2%,
2020/3/31,14_ota,11.4%,
2020/3/31,14_ota,7.6%,
2020/3/31,14_ota,14.1%,
2020/3/31,14_ota,9.6%,
2020/3/31,14_ota,5.7%,
2020/3/31,14_ota,10.4%,
2020/3/31,14_ota,10.8%,
2020/3/31,14_ota,11.6%,
2020/3/31,14_ota,12.2%,
2020/3/31,14_ota,16.7%,
2020/3/31,14_ota,12.3%,
2020/3/31,14_ota,11.5%,
2020/3/31,14_ota,11.9%,
2020/3/31,14_ota,16.5%,
2020/3/31,14_ota,7.4%,
2020/3/31,14_ota,17.7%,
2020/3/31,14_ota,7.9%,
2020/3/31,14_ota,12.6%,
2020/3/31,14_ota,10.8%,
2020/3/31,14_ota,10.1%,
2020/3/31,14_ota,12.5%,
2020/3/31,14_ota,10.7%,
2020/3/31,14_ota,10.1%,
2020/3/31,14_ota,13.8%,
2020/3/31,14_ota,12.3%,
2020/3/31,14_ota,11.0%,
2020/3/31,14_ota,13.6%,
2020/3/31,14_ota,7.2%,
2020/3/31,14_ota,8.9%,
2020/3/31,14_ota,10.8%,
2020/4/8,14_ota,7.1%,
2020/4/8,14_ota,6.2%,
2020/4/8,14_ota,13.7%,
2020/4/8,14_ota,6.1%,
2020/4/8,14_ota,9.6%,
2020/4/8,14_ota,11.0%,
2020/4/8,14_ota,8.9%,
2020/4/8,14_ota,8.7%,
2020/4/8,14_ota,9.7%,
2020/4/8,14_ota,8.4%,
2020/4/8,14_ota,4.2%,
2020/4/8,14_ota,6.7%,
2020/4/8,14_ota,8.2%,
2020/4/8,14_ota,12.1%,
2020/4/8,14_ota,6.5%,
2020/4/8,14_ota,10.1%,
2020/4/8,14_ota,7.1%,
2020/4/8,14_ota,11.0%,
2020/4/8,14_ota,10.3%,
2020/4/8,14_ota,7.5%,
2020/4/8,14_ota,8.4%,
2020/4/8,14_ota,11.4%,
2020/4/8,14_ota,10.2%,
2020/4/8,14_ota,8.7%,
2020/4/8,14_ota,6.8%,
2020/4/8,14_ota,9.9%,
2020/4/8,14_ota,7.3%,
2020/4/8,14_ota,6.0%,
2020/4/8,14_ota,5.5%,
2020/4/8,14_ota,9.0%,
2020/4/13,14_ota,6.3%,
2020/4/13,14_ota,4.4%,
2020/4/13,14_ota,5.6%,
2020/4/13,14_ota,6.4%,
2020/4/13,14_ota,6.4%,
2020/4/13,14_ota,11.0%,
2020/4/13,14_ota,4.6%,
2020/4/13,14_ota,3.1%,
2020/4/13,14_ota,6.8%,
2020/4/13,14_ota,8.4%,
2020/4/13,14_ota,7.2%,
2020/4/13,14_ota,7.2%,
2020/4/13,14_ota,7.8%,
2020/4/13,14_ota,7.2%,
2020/4/13,14_ota,6.6%,
2020/4/13,14_ota,3.1%,
2020/4/13,14_ota,5.0%,
2020/4/13,14_ota,5.9%,
2020/4/13,14_ota,7.0%,
2020/4/13,14_ota,7.7%,
2020/4/13,14_ota,7.3%,
2020/4/13,14_ota,8.4%,
2020/4/13,14_ota,7.9%,
2020/4/13,14_ota,7.9%,
2020/4/13,14_ota,8.0%,
2020/4/13,14_ota,6.3%,
2020/4/13,14_ota,8.6%,
2020/4/13,14_ota,8.4%,
2020/4/13,14_ota,9.2%,
2020/4/13,14_ota,9.8%,
2020/4/13,14_ota,8.2%,
2020/4/13,14_ota,11.6%,
2020/4/13,14_ota,7.5%,
2020/4/13,14_ota,8.1%,
2020/4/13,14_ota,8.1%,
2020/4/13,14_ota,8.9%,
2020/4/13,14_ota,7.4%,
2020/4/13,14_ota,6.2%,
2020/4/13,14_ota,10.1%,
2020/4/13,14_ota,6.8%,
2020/4/13,14_ota,6.2%,
2020/4/13,14_ota,4.6%,
2020/4/13,14_ota,7.1%,
2020/4/13,14_ota,7.6%,
2020/4/13,14_ota,7.8%,
2020/4/13,14_ota,9.9%,
2020/4/13,14_ota,10.5%,
2020/4/13,14_ota,8.5%,
2020/4/13,14_ota,6.4%,
2020/4/13,14_ota,6.6%,
2020/4/13,14_ota,9.3%,
2020/4/13,14_ota,6.8%,
2020/4/13,14_ota,6.5%,
2020/4/13,14_ota,6.6%,
2020/4/13,14_ota,11.4%,
2020/4/13,14_ota,5.7%,
2020/4/13,14_ota,10.7%,
2020/4/13,14_ota,4.7%,
2020/4/13,14_ota,7.5%,
2020/4/13,14_ota,3.8%,
2020/5/7,14_ota,4.8%,
2020/5/7,14_ota,4.6%,
2020/5/7,14_ota,3.7%,
2020/5/7,14_ota,3.6%,
2020/5/7,14_ota,4.8%,
2020/5/7,14_ota,1.7%,
2020/5/7,14_ota,3.4%,
2020/5/7,14_ota,3.1%,
2020/5/7,14_ota,4.6%,
2020/5/7,14_ota,4.3%,
2020/5/7,14_ota,3.1%,
2020/5/7,14_ota,3.8%,
2020/5/7,14_ota,5.4%,
2020/5/7,14_ota,4.3%,
2020/5/7,14_ota,5.2%,
2020/5/7,14_ota,3.7%,
2020/5/7,14_ota,4.1%,
2020/5/7,14_ota,4.6%,
2020/5/7,14_ota,3.1%,
2020/5/7,14_ota,3.9%,
2020/5/7,14_ota,4.1%,
2020/5/7,14_ota,5.5%,
2020/5/7,14_ota,3.1%,
2020/5/7,14_ota,3.8%,
2020/5/7,14_ota,5.4%,
2020/5/7,14_ota,3.4%,
2020/5/7,14_ota,4.9%,
2020/5/7,14_ota,3.5%,
2020/5/7,14_ota,3.8%,
2020/5/7,14_ota,3.6%,
2021/3/1,14_ota,5.9%,
2021/3/1,14_ota,5.2%,
2021/3/1,14_ota,6.0%,
2021/3/1,14_ota,4.9%,
2021/3/1,14_ota,7.4%,
2021/3/1,14_ota,6.4%,
2021/3/1,14_ota,4.3%,
2021/3/1,14_ota,5.2%,
2021/3/1,14_ota,3.6%,
2021/3/1,14_ota,6.6%,
2021/3/1,14_ota,4.6%,
2021/3/1,14_ota,5.9%,
2021/3/1,14_ota,5.1%,
2021/3/1,14_ota,4.8%,
2021/3/1,14_ota,8.3%,
2021/3/1,14_ota,4.3%,
2021/3/1,14_ota,6.5%,
2021/3/1,14_ota,4.5%,
2021/3/1,14_ota,4.9%,
2021/3/1,14_ota,4.2%,
2021/3/1,14_ota,5.3%,
2021/3/1,14_ota,4.8%,
2021/3/1,14_ota,5.8%,
2021/3/1,14_ota,3.8%,
2021/3/1,14_ota,6.3%,
2021/3/1,14_ota,3.6%,
2021/3/1,14_ota,5.1%,
2021/3/1,14_ota,5.5%,
2021/3/1,14_ota,6.0%,
2021/3/1,14_ota,4.2%,
2021/3/1,14_ota,4.5%,
2021/3/1,14_ota,4.4%,
2021/3/1,14_ota,5.7%,
2021/3/1,14_ota,4.4%,
2021/3/1,14_ota,3.4%,
2021/3/1,14_ota,4.8%,
2021/3/9,14_ota,5.8%,
2021/3/9,14_ota,11.5%,
2021/3/9,14_ota,5.8%,
2021/3/9,14_ota,4.1%,
2021/3/9,14_ota,6.1%,
2021/3/9,14_ota,7.4%,
2021/3/9,14_ota,5.3%,
2021/3/9,14_ota,6.7%,
2021/3/9,14_ota,6.8%,
2021/3/9,14_ota,6.0%,
2021/3/9,14_ota,5.6%,
2021/3/9,14_ota,4.8%,
2021/3/9,14_ota,6.6%,
2021/3/9,14_ota,5.3%,
2021/3/9,14_ota,5.2%,
2021/3/9,14_ota,4.3%,
2021/3/9,14_ota,6.4%,
2021/3/9,14_ota,5.6%,
2021/3/9,14_ota,4.0%,
2021/3/9,14_ota,8.1%,
2021/3/9,14_ota,4.0%,
2021/3/9,14_ota,5.9%,
2021/3/9,14_ota,6.8%,
2021/3/9,14_ota,4.3%,
2021/3/9,14_ota,9.8%,
2021/3/9,14_ota,6.9%,
2021/3/9,14_ota,5.0%,
2021/3/9,14_ota,6.7%,
2021/3/9,14_ota,5.1%,
2021/3/9,14_ota,6.2%,
2021/3/9,14_ota,6.0%,
2021/3/9,14_ota,5.6%,
2021/3/9,14_ota,7.2%,
2021/3/15,14_ota,7.1%,
2021/3/15,14_ota,7.4%,
2021/3/15,14_ota,6.8%,
2021/3/15,14_ota,6.8%,
2021/3/15,14_ota,7.8%,
2021/3/15,14_ota,5.1%,
2021/3/15,14_ota,9.0%,
2021/3/15,14_ota,6.2%,
2021/3/15,14_ota,7.4%,
2021/3/15,14_ota,6.2%,
2021/3/15,14_ota,8.0%,
2021/3/15,14_ota,6.8%,
2021/3/15,14_ota,8.1%,
2021/3/15,14_ota,6.2%,
2021/3/15,14_ota,4.9%,
2021/3/15,14_ota,9.3%,
2021/3/15,14_ota,6.9%,
2021/3/15,14_ota,4.6%,
2021/3/15,14_ota,9.2%,
2021/3/15,14_ota,9.8%,
2021/3/15,14_ota,6.2%,
2021/3/15,14_ota,6.5%,
2021/3/15,14_ota,7.7%,
2021/3/15,14_ota,8.1%,
2021/3/15,14_ota,6.0%,
2021/3/15,14_ota,7.0%,
2021/3/15,14_ota,7.2%,
2021/3/15,14_ota,5.7%,
2021/3/15,14_ota,4.9%,
2021/3/15,14_ota,5.1%,
2021/3/25,14_ota,8.9%,
2021/3/25,14_ota,9.7%,
2021/3/25,14_ota,9.5%,
2021/3/25,14_ota,7.4%,
2021/3/25,14_ota,9.7%,
2021/3/25,14_ota,8.1%,
2021/3/25,14_ota,8.8%,
2021/3/25,14_ota,8.1%,
2021/3/25,14_ota,7.8%,
2021/3/25,14_ota,5.5%,
2021/3/25,14_ota,8.1%,
2021/3/25,14_ota,5.2%,
2021/3/25,14_ota,8.4%,
2021/3/25,14_ota,8.0%,
2021/3/25,14_ota,6.7%,
2021/3/25,14_ota,7.1%,
2021/3/25,14_ota,8.1%,
2021/3/25,14_ota,6.9%,
2021/3/25,14_ota,9.8%,
2021/3/25,14_ota,8.5%,
2021/3/25,14_ota,9.9%,
2021/3/25,14_ota,6.7%,
2021/3/25,14_ota,9.4%,
2021/3/25,14_ota,9.3%,
2021/3/25,14_ota,7.8%,
2021/3/25,14_ota,5.0%,
2021/3/25,14_ota,8.7%,
2021/3/25,14_ota,6.6%,
2021/3/25,14_ota,10.3%,
2021/3/25,14_ota,8.9%,
2021/3/25,14_ota,8.0%,
2021/3/25,14_ota,6.9%,
2021/3/25,14_ota,8.0%,
2021/3/25,14_ota,10.4%,
2021/3/25,14_ota,7.0%,
2021/3/25,14_ota,8.9%,
2021/3/25,14_ota,7.8%,
2021/3/31,14_ota,7.4%,
2021/3/31,14_ota,11.5%,
2021/3/31,14_ota,11.2%,
2021/3/31,14_ota,11.0%,
2021/3/31,14_ota,9.7%,
2021/3/31,14_ota,6.5%,
2021/3/31,14_ota,10.1%,
2021/3/31,14_ota,13.1%,
2021/3/31,14_ota,8.7%,
2021/3/31,14_ota,11.0%,
2021/3/31,14_ota,9.5%,
2021/3/31,14_ota,10.4%,
2021/3/31,14_ota,9.0%,
2021/3/31,14_ota,8.6%,
2021/3/31,14_ota,8.9%,
2021/3/31,14_ota,8.3%,
2021/3/31,14_ota,11.9%,
2021/3/31,14_ota,8.5%,
2021/3/31,14_ota,8.0%,
2021/3/31,14_ota,10.1%,
2021/3/31,14_ota,9.7%,
2021/3/31,14_ota,11.3%,
2021/3/31,14_ota,8.4%,
2021/3/31,14_ota,11.7%,
2021/3/31,14_ota,7.1%,
2021/3/31,14_ota,10.2%,
2021/3/31,14_ota,9.3%,
2021/3/31,14_ota,10.1%,
2021/3/31,14_ota,12.3%,
2021/3/31,14_ota,9.6%,
2021/3/31,14_ota,11.3%,
2021/3/31,14_ota,12.2%,
2021/3/31,14_ota,11.4%,
2021/3/31,14_ota,7.9%,
2021/3/31,14_ota,8.6%,
2021/3/31,14_ota,9.8%,
2021/3/31,14_ota,8.2%,
2021/3/31,14_ota,12.1%,
2021/3/31,14_ota,9.5%,
2021/3/31,14_ota,9.3%,
2021/4/6,14_ota,14.0%,
2021/4/6,14_ota,6.6%,
2021/4/6,14_ota,15.6%,
2021/4/6,14_ota,12.1%,
2021/4/6,14_ota,10.1%,
2021/4/6,14_ota,14.4%,
2021/4/6,14_ota,7.8%,
2021/4/6,14_ota,8.3%,
2021/4/6,14_ota,14.2%,
2021/4/6,14_ota,11.7%,
2021/4/6,14_ota,12.2%,
2021/4/6,14_ota,13.3%,
2021/4/6,14_ota,8.1%,
2021/4/6,14_ota,13.5%,
2021/4/6,14_ota,13.3%,
2021/4/6,14_ota,11.0%,
2021/4/6,14_ota,11.3%,
2021/4/6,14_ota,13.6%,
2021/4/6,14_ota,9.7%,
2021/4/6,14_ota,8.8%,
2021/4/6,14_ota,13.3%,
2021/4/6,14_ota,8.8%,
2021/4/6,14_ota,12.7%,
2021/4/6,14_ota,9.0%,
2021/4/6,14_ota,9.4%,
2021/4/6,14_ota,10.5%,
2021/4/6,14_ota,11.9%,
2021/4/6,14_ota,13.7%,
2021/4/6,14_ota,14.6%,
2021/4/6,14_ota,12.4%,
2021/4/6,14_ota,8.6%,
2021/4/6,14_ota,10.3%,
2021/4/6,14_ota,13.1%,
2021/4/6,14_ota,12.8%,
2021/4/6,14_ota,9.2%,
2021/4/6,14_ota,11.4%,
2021/4/6,14_ota,11.5%,
2021/4/6,14_ota,6.0%,
2021/4/6,14_ota,4.6%,
2021/4/6,14_ota,13.6%,
2021/4/12,14_ota,12.0%,
2021/4/12,14_ota,13.9%,
2021/4/12,14_ota,11.3%,
2021/4/12,14_ota,11.9%,
2021/4/12,14_ota,12.9%,
2021/4/12,14_ota,10.3%,
2021/4/12,14_ota,9.8%,
2021/4/12,14_ota,10.0%,
2021/4/12,14_ota,14.0%,
2021/4/12,14_ota,7.3%,
2021/4/12,14_ota,13.6%,
2021/4/12,14_ota,9.3%,
2021/4/12,14_ota,15.0%,
2021/4/12,14_ota,10.9%,
2021/4/12,14_ota,11.6%,
2021/4/12,14_ota,12.7%,
2021/4/12,14_ota,12.1%,
2021/4/12,14_ota,11.8%,
2021/4/12,14_ota,13.2%,
2021/4/12,14_ota,11.4%,
2021/4/12,14_ota,9.8%,
2021/4/12,14_ota,12.7%,
2021/4/12,14_ota,10.2%,
2021/4/12,14_ota,9.4%,
2021/4/12,14_ota,12.1%,
2021/4/12,14_ota,12.2%,
2021/4/12,14_ota,9.1%,
2021/4/12,14_ota,10.6%,
2021/4/12,14_ota,11.1%,
2021/4/12,14_ota,12.2%,
2021/4/20,14_ota,4.7%,
2021/4/20,14_ota,3.4%,
2021/4/20,14_ota,5.3%,
2021/4/20,14_ota,3.5%,
2021/4/20,14_ota,7.0%,
2021/4/20,14_ota,6.0%,
2021/4/20,14_ota,8.6%,
2021/4/20,14_ota,8.4%,
2021/4/20,14_ota,6.8%,
2021/4/20,14_ota,5.4%,
2021/4/20,14_ota,6.7%,
2021/4/20,14_ota,5.3%,
2021/4/20,14_ota,3.5%,
2021/4/20,14_ota,5.9%,
2021/4/20,14_ota,8.5%,
2021/4/20,14_ota,4.8%,
2021/4/20,14_ota,4.1%,
2021/4/20,14_ota,4.2%,
2021/4/20,14_ota,3.1%,
2021/4/20,14_ota,6.1%,
2021/4/20,14_ota,8.2%,
2021/4/20,14_ota,6.2%,
2021/4/20,14_ota,5.9%,
2021/4/20,14_ota,7.2%,
2021/4/20,14_ota,6.4%,
2021/4/20,14_ota,7.5%,
2021/4/20,14_ota,8.7%,
2021/4/20,14_ota,6.9%,
2021/4/20,14_ota,6.7%,
2021/4/20,14_ota,8.0%,
2021/4/20,14_ota,6.3%,
2021/4/20,14_ota,5.6%,
2021/4/20,14_ota,6.4%,
2021/4/20,14_ota,3.8%,
2021/4/20,14_ota,7.5%,
2021/4/20,14_ota,7.9%,
2021/4/20,14_ota,6.1%,
2021/4/20,14_ota,8.3%,
2021/4/20,14_ota,6.8%,
2021/4/20,14_ota,4.7%,
2022/3/3,14_ota,9.0%,
2022/3/3,14_ota,4.9%,
2022/3/3,14_ota,5.7%,
2022/3/3,14_ota,6.8%,
2022/3/3,14_ota,5.0%,
2022/3/3,14_ota,6.9%,
2022/3/3,14_ota,4.1%,
2022/3/3,14_ota,9.3%,
2022/3/3,14_ota,6.2%,
2022/3/3,14_ota,7.8%,
2022/3/3,14_ota,5.2%,
2022/3/3,14_ota,6.7%,
2022/3/3,14_ota,4.3%,
2022/3/3,14_ota,6.8%,
2022/3/3,14_ota,7.0%,
2022/3/3,14_ota,4.5%,
2022/3/3,14_ota,9.4%,
2022/3/3,14_ota,8.2%,
2022/3/3,14_ota,5.4%,
2022/3/3,14_ota,6.2%,
2022/3/3,14_ota,7.2%,
2022/3/3,14_ota,7.2%,
2022/3/3,14_ota,6.0%,
2022/3/3,14_ota,6.9%,
2022/3/3,14_ota,6.5%,
2022/3/3,14_ota,7.1%,
2022/3/3,14_ota,9.1%,
2022/3/3,14_ota,6.4%,
2022/3/3,14_ota,5.4%,
2022/3/3,14_ota,8.0%,
2022/3/3,14_ota,5.8%,
2022/3/3,14_ota,5.8%,
2022/3/3,14_ota,6.3%,
2022/3/3,14_ota,4.5%,
2022/3/3,14_ota,5.3%,
2022/3/3,14_ota,4.4%,
2022/3/3,14_ota,6.1%,
2022/3/3,14_ota,7.9%,
2022/3/3,14_ota,5.9%,
2022/3/3,14_ota,5.8%,
2022/3/10,14_ota,7.0%,
2022/3/10,14_ota,5.5%,
2022/3/10,14_ota,5.1%,
2022/3/10,14_ota,6.8%,
2022/3/10,14_ota,5.9%,
2022/3/10,14_ota,7.6%,
2022/3/10,14_ota,5.9%,
2022/3/10,14_ota,6.9%,
2022/3/10,14_ota,11.0%,
2022/3/10,14_ota,9.9%,
2022/3/10,14_ota,6.8%,
2022/3/10,14_ota,4.4%,
2022/3/10,14_ota,7.6%,
2022/3/10,14_ota,4.3%,
2022/3/10,14_ota,6.2%,
2022/3/10,14_ota,6.5%,
2022/3/10,14_ota,5.4%,
2022/3/10,14_ota,5.6%,
2022/3/10,14_ota,4.8%,
2022/3/10,14_ota,5.9%,
2022/3/10,14_ota,6.7%,
2022/3/10,14_ota,7.9%,
2022/3/10,14_ota,6.1%,
2022/3/10,14_ota,4.9%,
2022/3/10,14_ota,6.4%,
2022/3/10,14_ota,9.1%,
2022/3/10,14_ota,5.7%,
2022/3/10,14_ota,5.8%,
2022/3/10,14_ota,11.1%,
2022/3/10,14_ota,7.6%,
2022/3/16,14_ota,6.9%,
2022/3/16,14_ota,8.4%,
2022/3/16,14_ota,8.1%,
2022/3/16,14_ota,7.4%,
2022/3/16,14_ota,10.2%,
2022/3/16,14_ota,7.1%,
2022/3/16,14_ota,7.0%,
2022/3/16,14_ota,6.9%,
2022/3/16,14_ota,6.4%,
2022/3/16,14_ota,8.6%,
2022/3/16,14_ota,6.6%,
2022/3/16,14_ota,7.3%,
2022/3/16,14_ota,5.8%,
2022/3/16,14_ota,9.7%,
2022/3/16,14_ota,9.4%,
2022/3/16,14_ota,6.8%,
2022/3/16,14_ota,10.6%,
2022/3/16,14_ota,9.5%,
2022/3/16,14_ota,7.0%,
2022/3/16,14_ota,8.8%,
2022/3/16,14_ota,8.7%,
2022/3/16,14_ota,8.7%,
2022/3/16,14_ota,9.4%,
2022/3/16,14_ota,9.3%,
2022/3/16,14_ota,6.9%,
2022/3/16,14_ota,6.3%,
2022/3/16,14_ota,8.3%,
2022/3/16,14_ota,9.5%,
2022/3/16,14_ota,7.2%,
2022/3/16,14_ota,9.8%,
2022/3/23,14_ota,7.4%,
2022/3/23,14_ota,6.6%,
2022/3/23,14_ota,8.0%,
2022/3/23,14_ota,12.9%,
2022/3/23,14_ota,9.4%,
2022/3/23,14_ota,5.8%,
2022/3/23,14_ota,9.7%,
2022/3/23,14_ota,6.5%,
2022/3/23,14_ota,7.2%,
2022/3/23,14_ota,11.5%,
2022/3/23,14_ota,6.5%,
2022/3/23,14_ota,8.1%,
2022/3/23,14_ota,7.5%,
2022/3/23,14_ota,7.8%,
2022/3/23,14_ota,9.7%,
2022/3/23,14_ota,8.5%,
2022/3/23,14_ota,11.2%,
2022/3/23,14_ota,9.2%,
2022/3/23,14_ota,7.2%,
2022/3/23,14_ota,7.2%,
2022/3/23,14_ota,6.0%,
2022/3/23,14_ota,6.2%,
2022/3/23,14_ota,5.9%,
2022/3/23,14_ota,9.5%,
2022/3/23,14_ota,7.9%,
2022/3/23,14_ota,10.0%,
2022/3/23,14_ota,6.7%,
2022/3/23,14_ota,9.5%,
2022/3/23,14_ota,5.9%,
2022/3/23,14_ota,7.9%,
2022/3/30,14_ota,8.8%,
2022/3/30,14_ota,11.2%,
2022/3/30,14_ota,10.0%,
2022/3/30,14_ota,10.2%,
2022/3/30,14_ota,10.1%,
2022/3/30,14_ota,7.2%,
2022/3/30,14_ota,9.8%,
2022/3/30,14_ota,10.9%,
2022/3/30,14_ota,9.0%,
2022/3/30,14_ota,8.8%,
2022/3/30,14_ota,8.2%,
2022/3/30,14_ota,6.1%,
2022/3/30,14_ota,7.1%,
2022/3/30,14_ota,10.9%,
2022/3/30,14_ota,6.8%,
2022/3/30,14_ota,4.9%,
2022/3/30,14_ota,9.3%,
2022/3/30,14_ota,8.7%,
2022/3/30,14_ota,8.6%,
2022/3/30,14_ota,11.4%,
2022/3/30,14_ota,8.8%,
2022/3/30,14_ota,6.4%,
2022/3/30,14_ota,8.5%,
2022/3/30,14_ota,7.6%,
2022/3/30,14_ota,7.8%,
2022/3/30,14_ota,5.3%,
2022/3/30,14_ota,9.4%,
2022/3/30,14_ota,8.4%,
2022/3/30,14_ota,5.4%,
2022/3/30,14_ota,10.0%,
2022/4/6,14_ota,7.2%,
2022/4/6,14_ota,8.5%,
2022/4/6,14_ota,10.0%,
2022/4/6,14_ota,7.0%,
2022/4/6,14_ota,8.7%,
2022/4/6,14_ota,4.0%,
2022/4/6,14_ota,5.8%,
2022/4/6,14_ota,6.1%,
2022/4/6,14_ota,9.1%,
2022/4/6,14_ota,10.2%,
2022/4/6,14_ota,9.9%,
2022/4/6,14_ota,5.7%,
2022/4/6,14_ota,6.9%,
2022/4/6,14_ota,7.9%,
2022/4/6,14_ota,10.4%,
2022/4/6,14_ota,5.3%,
2022/4/6,14_ota,8.8%,
2022/4/6,14_ota,8.1%,
2022/4/6,14_ota,8.3%,
2022/4/6,14_ota,9.1%,
2022/4/6,14_ota,8.4%,
2022/4/6,14_ota,9.0%,
2022/4/6,14_ota,8.0%,
2022/4/6,14_ota,6.8%,
2022/4/6,14_ota,10.3%,
2022/4/6,14_ota,9.3%,
2022/4/6,14_ota,8.0%,
2022/4/6,14_ota,7.0%,
2022/4/6,14_ota,8.0%,
2022/4/6,14_ota,7.5%,
2022/4/12,14_ota,7.8%,
2022/4/12,14_ota,11.0%,
2022/4/12,14_ota,8.5%,
2022/4/12,14_ota,11.2%,
2022/4/12,14_ota,7.5%,
2022/4/12,14_ota,6.4%,
2022/4/12,14_ota,10.5%,
2022/4/12,14_ota,8.9%,
2022/4/12,14_ota,9.3%,
2022/4/12,14_ota,11.6%,
2022/4/12,14_ota,6.1%,
2022/4/12,14_ota,8.8%,
2022/4/12,14_ota,4.4%,
2022/4/12,14_ota,7.4%,
2022/4/12,14_ota,7.3%,
2022/4/12,14_ota,7.3%,
2022/4/12,14_ota,5.9%,
2022/4/12,14_ota,5.3%,
2022/4/12,14_ota,10.5%,
2022/4/12,14_ota,8.6%,
2022/4/12,14_ota,5.8%,
2022/4/12,14_ota,6.7%,
2022/4/12,14_ota,8.9%,
2022/4/12,14_ota,10.2%,
2022/4/12,14_ota,12.7%,
2022/4/12,14_ota,10.7%,
2022/4/12,14_ota,7.5%,
2022/4/12,14_ota,6.1%,
2022/4/12,14_ota,5.2%,
2022/4/12,14_ota,7.8%,
2022/4/18,14_ota,6.6%,
2022/4/18,14_ota,5.3%,
2022/4/18,14_ota,9.9%,
2022/4/18,14_ota,6.7%,
2022/4/18,14_ota,7.9%,
2022/4/18,14_ota,5.4%,
2022/4/18,14_ota,4.5%,
2022/4/18,14_ota,4.3%,
2022/4/18,14_ota,8.3%,
2022/4/18,14_ota,10.2%,
2022/4/18,14_ota,4.2%,
2022/4/18,14_ota,6.6%,
2022/4/18,14_ota,6.0%,
2022/4/18,14_ota,9.1%,
2022/4/18,14_ota,8.9%,
2022/4/18,14_ota,7.9%,
2022/4/18,14_ota,5.6%,
2022/4/18,14_ota,7.5%,
2022/4/18,14_ota,5.6%,
2022/4/18,14_ota,8.9%,
2022/4/18,14_ota,9.1%,
2022/4/18,14_ota,4.5%,
2022/4/18,14_ota,7.5%,
2022/4/18,14_ota,5.5%,
2022/4/18,14_ota,5.3%,
2022/4/18,14_ota,4.9%,
2022/4/18,14_ota,13.6%,
2022/4/18,14_ota,6.5%,
2022/4/18,14_ota,6.8%,
2022/4/18,14_ota,6.9%,
2023/3/8,14_ota,8.4%,
2023/3/8,14_ota,8.3%,
2023/3/8,14_ota,8.5%,
2023/3/8,14_ota,9.0%,
2023/3/8,14_ota,7.4%,
2023/3/8,14_ota,8.4%,
2023/3/8,14_ota,6.3%,
2023/3/8,14_ota,10.0%,
2023/3/8,14_ota,6.7%,
2023/3/8,14_ota,10.8%,
2023/3/8,14_ota,9.4%,
2023/3/8,14_ota,7.5%,
2023/3/8,14_ota,6.4%,
2023/3/8,14_ota,7.0%,
2023/3/8,14_ota,7.1%,
2023/3/8,14_ota,12.0%,
2023/3/8,14_ota,11.1%,
2023/3/8,14_ota,6.9%,
2023/3/8,14_ota,7.2%,
2023/3/8,14_ota,8.3%,
2023/3/8,14_ota,10.9%,
2023/3/8,14_ota,9.3%,
2023/3/8,14_ota,6.3%,
2023/3/8,14_ota,11.4%,
2023/3/8,14_ota,7.9%,
2023/3/8,14_ota,9.2%,
2023/3/8,14_ota,10.5%,
2023/3/8,14_ota,7.6%,
2023/3/8,14_ota,9.9%,
2023/3/8,14_ota,8.4%,
2023/3/15,14_ota,7.2%,
2023/3/15,14_ota,7.8%,
2023/3/15,14_ota,4.2%,
2023/3/15,14_ota,5.7%,
2023/3/15,14_ota,10.1%,
2023/3/15,14_ota,7.7%,
2023/3/15,14_ota,6.2%,
2023/3/15,14_ota,9.2%,
2023/3/15,14_ota,8.2%,
2023/3/15,14_ota,11.8%,
2023/3/15,14_ota,6.9%,
2023/3/15,14_ota,10.3%,
2023/3/15,14_ota,8.5%,
2023/3/15,14_ota,10.3%,
2023/3/15,14_ota,8.5%,
2023/3/15,14_ota,7.1%,
2023/3/15,14_ota,9.6%,
2023/3/15,14_ota,10.4%,
2023/3/15,14_ota,6.6%,
2023/3/15,14_ota,8.7%,
2023/3/15,14_ota,7.0%,
2023/3/15,14_ota,9.3%,
2023/3/15,14_ota,9.8%,
2023/3/15,14_ota,8.7%,
2023/3/15,14_ota,12.0%,
2023/3/15,14_ota,7.3%,
2023/3/15,14_ota,9.1%,
2023/3/15,14_ota,8.4%,
2023/3/15,14_ota,14.3%,
2023/3/15,14_ota,9.1%,
2023/3/22,14_ota,7.5%,
2023/3/22,14_ota,7.1%,
2023/3/22,14_ota,12.2%,
2023/3/22,14_ota,11.6%,
2023/3/22,14_ota,9.4%,
2023/3/22,14_ota,7.9%,
2023/3/22,14_ota,9.7%,
2023/3/22,14_ota,6.9%,
2023/3/22,14_ota,7.9%,
2023/3/22,14_ota,9.3%,
2023/3/22,14_ota,8.9%,
2023/3/22,14_ota,9.2%,
2023/3/22,14_ota,6.8%,
2023/3/22,14_ota,9.0%,
2023/3/22,14_ota,7.9%,
2023/3/22,14_ota,7.4%,
2023/3/22,14_ota,6.2%,
2023/3/22,14_ota,6.7%,
2023/3/22,14_ota,9.4%,
2023/3/22,14_ota,8.0%,
2023/3/22,14_ota,8.3%,
2023/3/22,14_ota,9.9%,
2023/3/22,14_ota,9.4%,
2023/3/22,14_ota,9.1%,
2023/3/22,14_ota,5.2%,
2023/3/22,14_ota,9.9%,
2023/3/22,14_ota,9.6%,
2023/3/22,14_ota,8.2%,
2023/3/22,14_ota,10.0%,
2023/3/22,14_ota,9.2%,
2023/3/29,14_ota,6.7%,
2023/3/29,14_ota,7.6%,
2023/3/29,14_ota,10.2%,
2023/3/29,14_ota,6.1%,
2023/3/29,14_ota,9.2%,
2023/3/29,14_ota,9.1%,
2023/3/29,14_ota,5.8%,
2023/3/29,14_ota,8.5%,
2023/3/29,14_ota,9.7%,
2023/3/29,14_ota,7.4%,
2023/3/29,14_ota,9.4%,
2023/3/29,14_ota,6.1%,
2023/3/29,14_ota,7.7%,
2023/3/29,14_ota,7.6%,
2023/3/29,14_ota,8.7%,
2023/3/29,14_ota,8.1%,
2023/3/29,14_ota,8.1%,
2023/3/29,14_ota,8.4%,
2023/3/29,14_ota,8.1%,
2023/3/29,14_ota,7.9%,
2023/3/29,14_ota,6.1%,
2023/3/29,14_ota,10.1%,
2023/3/29,14_ota,7.4%,
2023/3/29,14_ota,8.7%,
2023/3/29,14_ota,6.4%,
2023/3/29,14_ota,13.7%,
2023/3/29,14_ota,8.7%,
2023/3/29,14_ota,12.7%,
2023/3/29,14_ota,9.1%,
2023/3/29,14_ota,5.3%,
2023/4/5,14_ota,8.3%,
2023/4/5,14_ota,5.7%,
2023/4/5,14_ota,5.9%,
2023/4/5,14_ota,8.6%,
2023/4/5,14_ota,10.3%,
2023/4/5,14_ota,8.5%,
2023/4/5,14_ota,7.1%,
2023/4/5,14_ota,8.7%,
2023/4/5,14_ota,6.9%,
2023/4/5,14_ota,6.5%,
2023/4/5,14_ota,8.7%,
2023/4/5,14_ota,8.9%,
2023/4/5,14_ota,7.4%,
2023/4/5,14_ota,11.7%,
2023/4/5,14_ota,10.9%,
2023/4/5,14_ota,8.4%,
2023/4/5,14_ota,5.9%,
2023/4/5,14_ota,8.4%,
2023/4/5,14_ota,8.8%,
2023/4/5,14_ota,7.6%,
2023/4/5,14_ota,7.9%,
2023/4/5,14_ota,7.7%,
2023/4/5,14_ota,10.7%,
2023/4/5,14_ota,8.6%,
2023/4/5,14_ota,7.6%,
2023/4/5,14_ota,7.4%,
2023/4/5,14_ota,6.9%,
2023/4/5,14_ota,6.6%,
2023/4/5,14_ota,7.6%,
2023/4/5,14_ota,9.0%,
2023/4/11,14_ota,4.7%,
2023/4/11,14_ota,7.5%,
2023/4/11,14_ota,6.5%,
2023/4/11,14_ota,5.2%,
2023/4/11,14_ota,6.3%,
2023/4/11,14_ota,5.8%,
2023/4/11,14_ota,7.9%,
2023/4/11,14_ota,9.7%,
2023/4/11,14_ota,8.2%,
2023/4/11,14_ota,7.8%,
2023/4/11,14_ota,7.9%,
2023/4/11,14_ota,6.0%,
2023/4/11,14_ota,5.8%,
2023/4/11,14_ota,7.0%,
2023/4/11,14_ota,6.9%,
2023/4/11,14_ota,7.8%,
2023/4/11,14_ota,8.0%,
2023/4/11,14_ota,8.2%,
2023/4/11,14_ota,9.5%,
2023/4/11,14_ota,8.6%,
2023/4/11,14_ota,7.8%,
2023/4/11,14_ota,7.3%,
2023/4/11,14_ota,6.8%,
2023/4/11,14_ota,6.6%,
2023/4/11,14_ota,4.8%,
2023/4/11,14_ota,7.9%,
2023/4/11,14_ota,6.3%,
2023/4/11,14_ota,8.9%,
2023/4/11,14_ota,6.6%,
2023/4/11,14_ota,7.4%,
2024/3/6,14_ota,10.2%,
2024/3/6,14_ota,8.9%,
2024/3/6,14_ota,9.7%,
2024/3/6,14_ota,7.5%,
2024/3/6,14_ota,10.2%,
2024/3/6,14_ota,9.4%,
2024/3/6,14_ota,9.7%,
2024/3/6,14_ota,7.3%,
2024/3/6,14_ota,10.4%,
2024/3/6,14_ota,8.1%,
2024/3/6,14_ota,6.0%,
2024/3/6,14_ota,9.6%,
2024/3/6,14_ota,7.4%,
2024/3/6,14_ota,9.5%,
2024/3/6,14_ota,6.6%,
2024/3/6,14_ota,9.2%,
2024/3/6,14_ota,11.0%,
2024/3/6,14_ota,7.8%,
2024/3/6,14_ota,10.8%,
2024/3/6,14_ota,12.3%,
2024/3/6,14_ota,9.5%,
2024/3/6,14_ota,8.8%,
2024/3/6,14_ota,9.8%,
2024/3/6,14_ota,10.1%,
2024/3/6,14_ota,11.2%,
2024/3/6,14_ota,10.4%,
2024/3/6,14_ota,9.3%,
2024/3/6,14_ota,10.0%,
2024/3/6,14_ota,10.5%,
2024/3/6,14_ota,11.4%,
2024/3/11,14_ota,7.6%,
2024/3/11,14_ota,6.8%,
2024/3/11,14_ota,9.0%,
2024/3/11,14_ota,8.9%,
2024/3/11,14_ota,9.7%,
2024/3/11,14_ota,6.7%,
2024/3/11,14_ota,11.2%,
2024/3/11,14_ota,9.3%,
2024/3/11,14_ota,10.1%,
2024/3/11,14_ota,10.2%,
2024/3/11,14_ota,9.3%,
2024/3/11,14_ota,11.1%,
2024/3/11,14_ota,7.6%,
2024/3/11,14_ota,9.2%,
2024/3/11,14_ota,8.5%,
2024/3/11,14_ota,8.0%,
2024/3/11,14_ota,12.1%,
2024/3/11,14_ota,7.6%,
2024/3/11,14_ota,7.0%,
2024/3/11,14_ota,11.0%,
2024/3/11,14_ota,9.7%,
2024/3/11,14_ota,6.8%,
2024/3/11,14_ota,7.3%,
2024/3/11,14_ota,10.6%,
2024/3/11,14_ota,10.6%,
2024/3/11,14_ota,8.6%,
2024/3/11,14_ota,8.7%,
2024/3/11,14_ota,8.3%,
2024/3/11,14_ota,10.8%,
2024/3/11,14_ota,9.7%,
2024/3/21,14_ota,11.2%,
2024/3/21,14_ota,10.6%,
2024/3/21,14_ota,9.4%,
2024/3/21,14_ota,12.2%,
2024/3/21,14_ota,11.5%,
2024/3/21,14_ota,11.0%,
2024/3/21,14_ota,9.8%,
2024/3/21,14_ota,9.1%,
2024/3/21,14_ota,11.7%,
2024/3/21,14_ota,9.6%,
2024/3/21,14_ota,12.0%,
2024/3/21,14_ota,8.9%,
2024/3/21,14_ota,8.7%,
2024/3/21,14_ota,12.9%,
2024/3/21,14_ota,12.3%,
2024/3/21,14_ota,10.3%,
2024/3/21,14_ota,10.3%,
2024/3/21,14_ota,10.4%,
2024/3/21,14_ota,10.6%,
2024/3/21,14_ota,10.3%,
2024/3/21,14_ota,10.0%,
2024/3/21,14_ota,11.9%,
2024/3/21,14_ota,8.9%,
2024/3/21,14_ota,11.8%,
2024/3/21,14_ota,6.3%,
2024/3/21,14_ota,7.8%,
2024/3/21,14_ota,11.1%,
2024/3/21,14_ota,8.6%,
2024/3/21,14_ota,11.2%,
2024/3/21,14_ota,8.4%,
2024/3/28,14_ota,10.8%,
2024/3/28,14_ota,13.1%,
2024/3/28,14_ota,11.4%,
2024/3/28,14_ota,11.3%,
2024/3/28,14_ota,14.8%,
2024/3/28,14_ota,12.5%,
2024/3/28,14_ota,12.0%,
2024/3/28,14_ota,14.3%,
2024/3/28,14_ota,10.3%,
2024/3/28,14_ota,7.8%,
2024/3/28,14_ota,12.5%,
2024/3/28,14_ota,17.2%,
2024/3/28,14_ota,15.3%,
2024/3/28,14_ota,9.6%,
2024/3/28,14_ota,13.7%,
2024/3/28,14_ota,15.8%,
2024/3/28,14_ota,11.1%,
2024/3/28,14_ota,10.4%,
2024/3/28,14_ota,12.0%,
2024/3/28,14_ota,13.3%,
2024/3/28,14_ota,10.3%,
2024/3/28,14_ota,12.0%,
2024/3/28,14_ota,13.6%,
2024/3/28,14_ota,10.4%,
2024/3/28,14_ota,12.5%,
2024/3/28,14_ota,11.2%,
2024/3/28,14_ota,12.4%,
2024/3/28,14_ota,12.2%,
2024/3/28,14_ota,13.0%,
2024/3/28,14_ota,11.1%,
2024/4/3,14_ota,9.9%,
2024/4/3,14_ota,12.5%,
2024/4/3,14_ota,14.2%,
2024/4/3,14_ota,#DIV/0!,
2024/4/3,14_ota,12.4%,
2024/4/3,14_ota,13.2%,
2024/4/3,14_ota,13.3%,
2024/4/3,14_ota,14.1%,
2024/4/3,14_ota,15.7%,
2024/4/3,14_ota,10.7%,
2024/4/3,14_ota,12.4%,
2024/4/3,14_ota,11.0%,
2024/4/3,14_ota,13.9%,
2024/4/3,14_ota,14.6%,
2024/4/3,14_ota,13.0%,
2024/4/3,14_ota,14.9%,
2024/4/3,14_ota,11.2%,
2024/4/3,14_ota,10.1%,
2024/4/3,14_ota,14.1%,
2024/4/3,14_ota,11.3%,
2024/4/3,14_ota,15.7%,
2024/4/3,14_ota,11.2%,
2024/4/3,14_ota,9.9%,
2024/4/3,14_ota,11.5%,
2024/4/3,14_ota,14.6%,
2024/4/3,14_ota,9.0%,
2024/4/3,14_ota,12.7%,
2024/4/3,14_ota,12.0%,
2024/4/3,14_ota,10.5%,
2024/4/3,14_ota,10.6%,
2024/4/8,14_ota,13.4%,
2024/4/8,14_ota,8.9%,
2024/4/8,14_ota,12.0%,
2024/4/8,14_ota,14.7%,
2024/4/8,14_ota,8.5%,
2024/4/8,14_ota,15.6%,
2024/4/8,14_ota,6.1%,
2024/4/8,14_ota,8.4%,
2024/4/8,14_ota,10.5%,
2024/4/8,14_ota,15.9%,
2024/4/8,14_ota,11.8%,
2024/4/8,14_ota,10.9%,
2024/4/8,14_ota,11.6%,
2024/4/8,14_ota,13.2%,
2024/4/8,14_ota,16.6%,
2024/4/8,14_ota,6.5%,
2024/4/8,14_ota,16.4%,
2024/4/8,14_ota,7.4%,
2024/4/8,14_ota,12.9%,
2024/4/8,14_ota,6.5%,
2024/4/8,14_ota,9.6%,
2024/4/8,14_ota,8.5%,
2024/4/8,14_ota,14.5%,
2024/4/8,14_ota,12.9%,
2024/4/8,14_ota,7.2%,
2024/4/8,14_ota,6.7%,
2024/4/8,14_ota,9.4%,
2024/4/8,14_ota,8.7%,
2024/4/8,14_ota,11.3%,
2024/4/8,14_ota,9.1%,
2024/4/15,14_ota,7.6%,
2024/4/15,14_ota,15.7%,
2024/4/15,14_ota,9.9%,
2024/4/15,14_ota,10.6%,
2024/4/15,14_ota,8.4%,
2024/4/15,14_ota,8.5%,
2024/4/15,14_ota,5.4%,
2024/4/15,14_ota,9.0%,
2024/4/15,14_ota,11.1%,
2024/4/15,14_ota,14.7%,
2024/4/15,14_ota,6.6%,
2024/4/15,14_ota,14.5%,
2024/4/15,14_ota,8.9%,
2024/4/15,14_ota,11.4%,
2024/4/15,14_ota,8.1%,
2024/4/15,14_ota,7.3%,
2024/4/15,14_ota,9.0%,
2024/4/15,14_ota,8.1%,
2024/4/15,14_ota,8.4%,
2024/4/15,14_ota,14.6%,
2024/4/15,14_ota,7.8%,
2024/4/15,14_ota,8.9%,
2024/4/15,14_ota,11.9%,
2024/4/15,14_ota,10.0%,
2024/4/15,14_ota,6.8%,
2024/4/15,14_ota,6.6%,
2024/4/15,14_ota,17.6%,
2024/4/15,14_ota,10.7%,
2024/4/15,14_ota,12.1%,
2024/4/15,14_ota,7.7%,
2024/4/22,14_ota,9.0%,
2024/4/22,14_ota,9.3%,
2024/4/22,14_ota,5.1%,
2024/4/22,14_ota,6.2%,
2024/4/22,14_ota,11.2%,
2024/4/22,14_ota,9.3%,
2024/4/22,14_ota,11.2%,
2024/4/22,14_ota,8.0%,
2024/4/22,14_ota,8.0%,
2024/4/22,14_ota,8.2%,
2024/4/22,14_ota,7.3%,
2024/4/22,14_ota,8.8%,
2024/4/22,14_ota,12.5%,
2024/4/22,14_ota,8.1%,
2024/4/22,14_ota,11.5%,
2024/4/22,14_ota,7.0%,
2024/4/22,14_ota,7.3%,
2024/4/22,14_ota,7.2%,
2024/4/22,14_ota,5.5%,
2024/4/22,14_ota,8.8%,
2024/4/22,14_ota,5.6%,
2024/4/22,14_ota,8.9%,
2024/4/22,14_ota,6.7%,
2024/4/22,14_ota,7.6%,
2024/4/22,14_ota,8.9%,
2024/4/22,14_ota,7.8%,
2024/4/22,14_ota,8.4%,
2024/4/22,14_ota,4.9%,
2024/4/22,14_ota,9.9%,
2024/4/22,14_ota,7.4%,
2024/5/6,14_ota,4.8%,
2024/5/6,14_ota,5.7%,
2024/5/6,14_ota,5.9%,
2024/5/6,14_ota,4.2%,
2024/5/6,14_ota,5.5%,
2024/5/6,14_ota,4.6%,
2024/5/6,14_ota,4.4%,
2024/5/6,14_ota,5.3%,
2024/5/6,14_ota,4.5%,
2024/5/6,14_ota,5.5%,
2024/5/6,14_ota,6.7%,
2024/5/6,14_ota,6.3%,
2024/5/6,14_ota,6.4%,
2024/5/6,14_ota,5.1%,
2024/5/6,14_ota,5.2%,
2024/5/6,14_ota,5.8%,
2024/5/6,14_ota,6.2%,
2024/5/6,14_ota,4.7%,
2024/5/6,14_ota,5.0%,
2024/5/6,14_ota,5.3%,
2024/5/6,14_ota,6.4%,
2024/5/6,14_ota,5.3%,
2024/5/6,14_ota,5.1%,
2024/5/6,14_ota,6.3%,
2024/5/6,14_ota,5.6%,
2024/5/6,14_ota,3.1%,
2024/5/6,14_ota,4.4%,
2024/5/6,14_ota,4.3%,
2024/5/6,14_ota,4.5%,
2025/2/25,14_ota,3.6%,
2025/2/25,14_ota,6.3%,
2025/2/25,14_ota,5.6%,
2025/2/25,14_ota,3.1%,
2025/2/25,14_ota,4.2%,
2025/2/25,14_ota,4.9%,
2025/2/25,14_ota,4.3%,
2025/2/25,14_ota,4.8%,
2025/2/25,14_ota,6.7%,
2025/2/25,14_ota,4.5%,
2025/2/25,14_ota,3.6%,
2025/2/25,14_ota,5.4%,
2025/2/25,14_ota,4.6%,
2025/2/25,14_ota,9.1%,
2025/2/25,14_ota,7.1%,
2025/2/25,14_ota,6.5%,
2025/2/25,14_ota,6.9%,
2025/2/25,14_ota,4.7%,
2025/2/25,14_ota,6.7%,
2025/2/25,14_ota,6.0%,
2025/2/25,14_ota,5.9%,
2025/2/25,14_ota,6.7%,
2025/2/25,14_ota,7.5%,
2025/2/25,14_ota,7.6%,
2025/2/25,14_ota,5.5%,
2025/2/25,14_ota,6.3%,
2025/2/25,14_ota,4.2%,
2025/2/25,14_ota,5.7%,
2025/2/25,14_ota,4.4%,
2025/2/25,14_ota,6.0%,
2025/3/5,14_ota,5.2%,
2025/3/5,14_ota,6.4%,
2025/3/5,14_ota,9.1%,
2025/3/5,14_ota,7.2%,
2025/3/5,14_ota,6.1%,
2025/3/5,14_ota,6.7%,
2025/3/5,14_ota,8.8%,
2025/3/5,14_ota,7.1%,
2025/3/5,14_ota,6.3%,
2025/3/5,14_ota,7.2%,
2025/3/5,14_ota,8.4%,
2025/3/5,14_ota,5.4%,
2025/3/5,14_ota,6.7%,
2025/3/5,14_ota,5.9%,
2025/3/5,14_ota,6.2%,
2025/3/5,14_ota,7.2%,
2025/3/5,14_ota,6.9%,
2025/3/5,14_ota,6.9%,
2025/3/5,14_ota,6.6%,
2025/3/5,14_ota,6.3%,
2025/3/5,14_ota,7.2%,
2025/3/5,14_ota,6.1%,
2025/3/5,14_ota,5.3%,
2025/3/5,14_ota,7.8%,
2025/3/5,14_ota,7.5%,
2025/3/5,14_ota,7.5%,
2025/3/5,14_ota,7.1%,
2025/3/5,14_ota,8.1%,
2025/3/5,14_ota,10.1%,
2025/3/5,14_ota,8.5%,
2025/3/11,14_ota,4.2%,
2025/3/11,14_ota,5.4%,
2025/3/11,14_ota,4.4%,
2025/3/11,14_ota,6.0%,
2025/3/11,14_ota,5.9%,
2025/3/11,14_ota,6.1%,
2025/3/11,14_ota,5.4%,
2025/3/11,14_ota,6.2%,
2025/3/11,14_ota,5.2%,
2025/3/11,14_ota,6.0%,
2025/3/11,14_ota,5.7%,
2025/3/11,14_ota,6.3%,
2025/3/11,14_ota,5.2%,
2025/3/11,14_ota,4.6%,
2025/3/11,14_ota,5.7%,
2025/3/11,14_ota,6.1%,
2025/3/11,14_ota,5.9%,
2025/3/11,14_ota,6.5%,
2025/3/11,14_ota,6.1%,
2025/3/11,14_ota,5.2%,
2025/3/11,14_ota,4.3%,
2025/3/11,14_ota,6.5%,
2025/3/11,14_ota,4.3%,
2025/3/11,14_ota,4.9%,
2025/3/11,14_ota,6.7%,
2025/3/11,14_ota,5.6%,
2025/3/11,14_ota,7.3%,
2025/3/11,14_ota,7.3%,
2025/3/11,14_ota,7.7%,
2025/3/11,14_ota,5.8%,
2025/3/17,14_ota,6.6%,
2025/3/17,14_ota,7.6%,
2025/3/17,14_ota,6.9%,
2025/3/17,14_ota,5.6%,
2025/3/17,14_ota,6.1%,
2025/3/17,14_ota,6.8%,
2025/3/17,14_ota,7.5%,
2025/3/17,14_ota,7.2%,
2025/3/17,14_ota,5.9%,
2025/3/17,14_ota,6.3%,
2025/3/17,14_ota,7.3%,
2025/3/17,14_ota,6.2%,
2025/3/17,14_ota,6.4%,
2025/3/17,14_ota,6.8%,
2025/3/17,14_ota,6.6%,
2025/3/17,14_ota,6.5%,
2025/3/17,14_ota,4.0%,
2025/3/17,14_ota,5.9%,
2025/3/17,14_ota,7.9%,
2025/3/17,14_ota,9.3%,
2025/3/17,14_ota,6.6%,
2025/3/17,14_ota,6.7%,
2025/3/17,14_ota,5.1%,
2025/3/17,14_ota,7.2%,
2025/3/17,14_ota,5.9%,
2025/3/17,14_ota,7.8%,
2025/3/17,14_ota,6.6%,
2025/3/17,14_ota,5.4%,
2025/3/17,14_ota,7.9%,
2025/3/17,14_ota,7.3%,
2025/3/24,14_ota,6.4%,
2025/3/24,14_ota,9.5%,
2025/3/24,14_ota,6.3%,
2025/3/24,14_ota,9.2%,
2025/3/24,14_ota,9.8%,
2025/3/24,14_ota,11.4%,
2025/3/24,14_ota,9.9%,
2025/3/24,14_ota,9.9%,
2025/3/24,14_ota,6.8%,
2025/3/24,14_ota,7.0%,
2025/3/24,14_ota,8.9%,
2025/3/24,14_ota,6.0%,
2025/3/24,14_ota,7.6%,
2025/3/24,14_ota,6.9%,
2025/3/24,14_ota,7.5%,
2025/3/24,14_ota,4.8%,
2025/3/24,14_ota,6.5%,
2025/3/24,14_ota,8.0%,
2025/3/24,14_ota,7.0%,
2025/3/24,14_ota,6.6%,
2025/3/24,14_ota,8.3%,
2025/3/24,14_ota,8.7%,
2025/3/24,14_ota,9.7%,
2025/3/24,14_ota,8.5%,
2025/3/24,14_ota,7.1%,
2025/3/24,14_ota,7.6%,
2025/3/24,14_ota,10.3%,
2025/3/24,14_ota,8.8%,
2025/3/24,14_ota,6.8%,
2025/3/24,14_ota,7.2%,
2025/4/1,14_ota,7.4%,
2025/4/1,14_ota,5.4%,
2025/4/1,14_ota,5.7%,
2025/4/1,14_ota,7.7%,
2025/4/1,14_ota,5.2%,
2025/4/1,14_ota,8.8%,
2025/4/1,14_ota,7.2%,
2025/4/1,14_ota,9.9%,
2025/4/1,14_ota,9.9%,
2025/4/1,14_ota,6.9%,
2025/4/1,14_ota,7.1%,
2025/4/1,14_ota,5.7%,
2025/4/1,14_ota,8.3%,
2025/4/1,14_ota,9.7%,
2025/4/1,14_ota,8.5%,
2025/4/1,14_ota,5.0%,
2025/4/1,14_ota,8.2%,
2025/4/1,14_ota,9.2%,
2025/4/1,14_ota,5.9%,
2025/4/1,14_ota,7.9%,
2025/4/1,14_ota,6.6%,
2025/4/1,14_ota,7.4%,
2025/4/1,14_ota,9.1%,
2025/4/1,14_ota,8.6%,
2025/4/1,14_ota,8.5%,
2025/4/1,14_ota,7.9%,
2025/4/1,14_ota,7.7%,
2025/4/1,14_ota,9.0%,
2025/4/1,14_ota,10.2%,
2025/4/1,14_ota,8.0%,
2025/4/7,14_ota,4.3%,
2025/4/7,14_ota,9.3%,
2025/4/7,14_ota,8.1%,
2025/4/7,14_ota,7.2%,
2025/4/7,14_ota,6.2%,
2025/4/7,14_ota,7.3%,
2025/4/7,14_ota,6.5%,
2025/4/7,14_ota,4.5%,
2025/4/7,14_ota,5.5%,
2025/4/7,14_ota,7.2%,
2025/4/7,14_ota,5.1%,
2025/4/7,14_ota,10.5%,
2025/4/7,14_ota,4.7%,
2025/4/7,14_ota,6.0%,
2025/4/7,14_ota,6.5%,
2025/4/7,14_ota,5.4%,
2025/4/7,14_ota,5.5%,
2025/4/7,14_ota,6.8%,
2025/4/7,14_ota,9.5%,
2025/4/7,14_ota,10.5%,
2025/4/7,14_ota,7.8%,
2025/4/7,14_ota,7.4%,
2025/4/7,14_ota,7.6%,
2025/4/7,14_ota,6.7%,
2025/4/7,14_ota,4.4%,
2025/4/7,14_ota,8.5%,
2025/4/7,14_ota,10.7%,
2025/4/7,14_ota,9.6%,
2025/4/7,14_ota,6.0%,
2025/4/7,14_ota,6.8%,
2025/4/15,14_ota,13.1%,
2025/4/15,14_ota,12.0%,
2025/4/15,14_ota,6.6%,
2025/4/15,14_ota,5.2%,
2025/4/15,14_ota,7.9%,
2025/4/15,14_ota,5.7%,
2025/4/15,14_ota,5.7%,
2025/4/15,14_ota,8.3%,
2025/4/15,14_ota,9.7%,
2025/4/15,14_ota,10.8%,
2025/4/15,14_ota,5.3%,
2025/4/15,14_ota,7.4%,
2025/4/15,14_ota,5.8%,
2025/4/15,14_ota,4.6%,
2025/4/15,14_ota,8.1%,
2025/4/15,14_ota,9.7%,
2025/4/15,14_ota,9.2%,
2025/4/15,14_ota,9.1%,
2025/4/15,14_ota,5.3%,
2025/4/15,14_ota,7.2%,
2025/4/15,14_ota,7.6%,
2025/4/15,14_ota,8.9%,
2025/4/15,14_ota,8.8%,
2025/4/15,14_ota,8.4%,
2025/4/15,14_ota,9.3%,
2025/4/15,14_ota,8.5%,
2025/4/15,14_ota,8.1%,
2025/4/15,14_ota,4.4%,
2025/4/15,14_ota,8.0%,
2025/4/15,14_ota,6.9%,
2025/4/21,14_ota,5.5%,
2025/4/21,14_ota,4.9%,
2025/4/21,14_ota,3.3%,
2025/4/21,14_ota,8.0%,
2025/4/21,14_ota,7.6%,
2025/4/21,14_ota,4.0%,
2025/4/21,14_ota,4.3%,
2025/4/21,14_ota,8.7%,
2025/4/21,14_ota,8.2%,
2025/4/21,14_ota,4.5%,
2025/4/21,14_ota,4.8%,
2025/4/21,14_ota,7.2%,
2025/4/21,14_ota,3.3%,
2025/4/21,14_ota,6.6%,
2025/4/21,14_ota,6.3%,
2025/4/21,14_ota,5.6%,
2025/4/21,14_ota,4.4%,
2025/4/21,14_ota,4.8%,
2025/4/21,14_ota,3.2%,
2025/4/21,14_ota,3.6%,
2025/4/21,14_ota,5.0%,
2025/4/21,14_ota,3.4%,
2025/4/21,14_ota,7.3%,
2025/4/21,14_ota,6.4%,
2025/4/21,14_ota,9.2%,
2025/4/21,14_ota,3.8%,
2025/4/21,14_ota,5.9%,
2025/4/21,14_ota,7.3%,
2025/4/21,14_ota,5.3%,
2025/4/21,14_ota,3.9%,
2025/5/1,14_ota,67.8%,
2025/5/1,14_ota,7.3%,
2025/5/1,14_ota,4.0%,
2025/5/1,14_ota,7.8%,
2025/5/1,14_ota,6.6%,
2025/5/1,14_ota,11.5%,
2025/5/1,14_ota,12.8%,
2025/5/1,14_ota,5.5%,
2025/5/1,14_ota,10.5%,
2025/5/1,14_ota,5.3%,
2025/5/1,14_ota,9.1%,
2025/5/1,14_ota,7.1%,
2025/5/1,14_ota,6.3%,
2025/5/1,14_ota,6.0%,
2025/5/1,14_ota,12.5%,
2025/5/1,14_ota,9.2%,
2025/5/1,14_ota,6.9%,
2025/5/1,14_ota,10.1%,
2025/5/1,14_ota,8.7%,
2025/5/1,14_ota,6.8%,
2025/5/1,14_ota,6.3%,
2025/5/1,14_ota,9.1%,
2025/5/1,14_ota,7.5%,
2025/5/1,14_ota,10.9%,
2025/5/1,14_ota,8.9%,
2025/5/1,14_ota,5.2%,
2025/5/1,14_ota,6.8%,
2025/5/1,14_ota,7.1%,
2025/5/1,14_ota,9.7%,
2025/5/1,14_ota,7.2%,
2025/5/7,14_ota,6.1%,
2025/5/7,14_ota,5.5%,
2025/5/7,14_ota,4.2%,
2025/5/7,14_ota,6.1%,
2025/5/7,14_ota,3.1%,
2025/5/7,14_ota,6.9%,
2025/5/7,14_ota,5.3%,
2025/5/7,14_ota,7.7%,
2025/5/7,14_ota,7.7%,
2025/5/7,14_ota,3.6%,
2025/5/7,14_ota,5.4%,
2025/5/7,14_ota,6.2%,
2025/5/7,14_ota,5.8%,
2025/5/7,14_ota,4.7%,
2025/5/7,14_ota,9.7%,
2025/5/7,14_ota,6.7%,
2025/5/7,14_ota,5.8%,
2025/5/7,14_ota,10.8%,
2025/5/7,14_ota,7.7%,
2025/5/7,14_ota,7.0%,
2025/5/7,14_ota,5.0%,
2025/5/7,14_ota,4.9%,
2025/5/7,14_ota,5.1%,
2025/5/7,14_ota,5.3%,
2025/5/7,14_ota,12.0%,
2025/5/7,14_ota,3.6%,
2025/5/7,14_ota,4.0%,
2025/5/7,14_ota,6.7%,
2025/5/7,14_ota,6.7%,
2025/5/7,14_ota,7.0%,
2025/5/12,14_ota,8.6%,
2025/5/12,14_ota,9.7%,
2025/5/12,14_ota,7.7%,
2025/5/12,14_ota,6.8%,
2025/5/12,14_ota,5.4%,
2025/5/12,14_ota,4.7%,
2025/5/12,14_ota,5.2%,
2025/5/12,14_ota,4.9%,
2025/5/12,14_ota,4.0%,
2025/5/12,14_ota,7.2%,
2025/5/12,14_ota,5.3%,
2025/5/12,14_ota,4.6%,
2025/5/12,14_ota,3.1%,
2025/5/12,14_ota,6.6%,
2025/5/12,14_ota,8.7%,
2025/5/12,14_ota,7.2%,
2025/5/12,14_ota,4.0%,
2025/5/12,14_ota,8.0%,
2025/5/12,14_ota,8.2%,
2025/5/12,14_ota,8.9%,
2025/5/12,14_ota,5.9%,
2025/5/12,14_ota,4.9%,
2025/5/12,14_ota,3.6%,
2025/5/12,14_ota,4.6%,
2025/5/12,14_ota,2.7%,
2025/5/12,14_ota,4.4%,
2025/5/12,14_ota,9.5%,
2025/5/12,14_ota,5.3%,
2025/5/12,14_ota,8.8%,
2025/5/12,14_ota,4.8%,
2025/5/19,14_ota,4.0%,
2025/5/19,14_ota,4.8%,
2025/5/19,14_ota,6.6%,
2025/5/19,14_ota,10.4%,
2025/5/19,14_ota,7.4%,
2025/5/19,14_ota,6.5%,
2025/5/19,14_ota,5.1%,
2025/5/19,14_ota,8.6%,
2025/5/19,14_ota,7.9%,
2025/5/19,14_ota,6.0%,
2025/5/19,14_ota,4.1%,
2025/5/19,14_ota,8.0%,
2025/5/19,14_ota,5.3%,
2025/5/19,14_ota,7.8%,
2025/5/19,14_ota,3.4%,
2025/5/19,14_ota,9.1%,
2025/5/19,14_ota,5.4%,
2025/5/19,14_ota,7.5%,
2025/5/19,14_ota,4.0%,
2025/5/19,14_ota,3.3%,
2025/5/19,14_ota,3.1%,
2025/5/19,14_ota,5.3%,
2025/5/19,14_ota,5.4%,
2025/5/19,14_ota,5.6%,
2025/5/19,14_ota,4.2%,
2025/5/19,14_ota,8.5%,
2025/5/19,14_ota,5.3%,
2025/5/19,14_ota,3.7%,
2025/5/19,14_ota,2.3%,
2025/5/19,14_ota,6.6%,
2025/5/26,14_ota,3.0%,
2025/5/26,14_ota,1.9%,
2025/5/26,14_ota,2.5%,
2025/5/26,14_ota,3.4%,
2025/5/26,14_ota,2.8%,
2025/5/26,14_ota,2.8%,
2025/5/26,14_ota,3.0%,
2025/5/26,14_ota,2.0%,
2025/5/26,14_ota,2.6%,
2025/5/26,14_ota,2.2%,
2025/5/26,14_ota,2.5%,
2025/5/26,14_ota,4.7%,
2025/5/26,14_ota,3.3%,
2025/5/26,14_ota,2.4%,
2025/5/26,14_ota,3.1%,
2025/5/26,14_ota,3.1%,
2025/5/26,14_ota,3.0%,
2025/5/26,14_ota,3.5%,
2025/5/26,14_ota,1.3%,
2025/5/26,14_ota,3.8%,
2025/5/26,14_ota,4.0%,
2025/5/26,14_ota,3.4%,
2025/5/26,14_ota,3.5%,
2025/5/26,14_ota,2.8%,
2025/5/26,14_ota,2.5%,
2025/5/26,14_ota,2.9%,
2025/5/26,14_ota,2.9%,
2025/5/26,14_ota,3.0%,
2025/5/26,14_ota,3.5%,
2025/5/26,14_ota,2.7%,
2008/3/27,13_isi,12.3%,
2008/3/27,13_isi,14.5%,
2008/3/27,13_isi,10.2%,
2008/3/27,13_isi,11.2%,
2008/3/27,13_isi,14.7%,
2008/3/27,13_isi,13.6%,
2008/3/27,13_isi,11.6%,
2008/3/27,13_isi,14.9%,
2008/3/27,13_isi,13.2%,
2008/3/27,13_isi,13.5%,
2008/3/27,13_isi,11.0%,
2008/3/27,13_isi,12.5%,
2008/3/27,13_isi,12.0%,
2008/3/27,13_isi,10.9%,
2008/3/27,13_isi,7.7%,
2008/3/27,13_isi,12.3%,
2008/3/27,13_isi,14.0%,
2008/3/27,13_isi,11.6%,
2008/3/27,13_isi,12.8%,
2008/3/27,13_isi,11.5%,
2008/3/27,13_isi,10.9%,
2008/3/27,13_isi,12.4%,
2008/3/27,13_isi,8.1%,
2008/3/27,13_isi,11.5%,
2008/3/27,13_isi,9.6%,
2008/3/27,13_isi,12.6%,
2008/3/27,13_isi,12.7%,
2008/3/27,13_isi,10.6%,
2008/3/27,13_isi,9.4%,
2008/3/27,13_isi,9.2%,
2008/4/2,13_isi,13.7%,
2008/4/2,13_isi,9.9%,
2008/4/2,13_isi,14.2%,
2008/4/2,13_isi,11.8%,
2008/4/2,13_isi,16.6%,
2008/4/2,13_isi,13.2%,
2008/4/2,13_isi,10.0%,
2008/4/2,13_isi,13.1%,
2008/4/2,13_isi,12.7%,
2008/4/2,13_isi,10.7%,
2008/4/2,13_isi,13.9%,
2008/4/2,13_isi,13.8%,
2008/4/2,13_isi,14.6%,
2008/4/2,13_isi,13.3%,
2008/4/2,13_isi,14.2%,
2008/4/2,13_isi,13.6%,
2008/4/2,13_isi,12.6%,
2008/4/2,13_isi,13.0%,
2008/4/2,13_isi,11.6%,
2008/4/2,13_isi,14.8%,
2008/4/2,13_isi,11.0%,
2008/4/2,13_isi,13.6%,
2008/4/2,13_isi,11.6%,
2008/4/2,13_isi,13.8%,
2008/4/2,13_isi,13.5%,
2008/4/2,13_isi,12.5%,
2008/4/2,13_isi,10.7%,
2008/4/2,13_isi,12.4%,
2008/4/2,13_isi,12.6%,
2008/4/2,13_isi,11.8%,
2008/4/7,13_isi,11.5%,
2008/4/7,13_isi,11.2%,
2008/4/7,13_isi,11.8%,
2008/4/7,13_isi,10.6%,
2008/4/7,13_isi,9.9%,
2008/4/7,13_isi,13.1%,
2008/4/7,13_isi,13.3%,
2008/4/7,13_isi,10.6%,
2008/4/7,13_isi,11.2%,
2008/4/7,13_isi,14.2%,
2008/4/7,13_isi,9.4%,
2008/4/7,13_isi,12.6%,
2008/4/7,13_isi,14.0%,
2008/4/7,13_isi,10.7%,
2008/4/7,13_isi,11.9%,
2008/4/7,13_isi,12.5%,
2008/4/7,13_isi,15.3%,
2008/4/7,13_isi,6.5%,
2008/4/7,13_isi,14.4%,
2008/4/7,13_isi,12.2%,
2008/4/7,13_isi,9.6%,
2008/4/7,13_isi,11.0%,
2008/4/7,13_isi,10.8%,
2008/4/7,13_isi,9.4%,
2008/4/7,13_isi,7.5%,
2008/4/7,13_isi,7.2%,
2008/4/7,13_isi,12.8%,
2008/4/7,13_isi,10.9%,
2008/4/7,13_isi,11.2%,
2008/4/7,13_isi,16.8%,
2008/4/11,13_isi,8.8%,
2008/4/11,13_isi,9.1%,
2008/4/11,13_isi,11.7%,
2008/4/11,13_isi,7.4%,
2008/4/11,13_isi,9.3%,
2008/4/11,13_isi,7.7%,
2008/4/11,13_isi,10.7%,
2008/4/11,13_isi,8.4%,
2008/4/11,13_isi,8.3%,
2008/4/11,13_isi,10.8%,
2008/4/11,13_isi,7.9%,
2008/4/11,13_isi,9.6%,
2008/4/11,13_isi,10.2%,
2008/4/11,13_isi,7.9%,
2008/4/11,13_isi,7.4%,
2008/4/11,13_isi,5.8%,
2008/4/11,13_isi,7.7%,
2008/4/11,13_isi,10.1%,
2008/4/11,13_isi,7.0%,
2008/4/11,13_isi,6.7%,
2008/4/11,13_isi,6.8%,
2008/4/11,13_isi,7.2%,
2008/4/11,13_isi,6.6%,
2008/4/11,13_isi,8.7%,
2008/4/11,13_isi,6.2%,
2008/4/11,13_isi,6.8%,
2008/4/11,13_isi,6.2%,
2008/4/11,13_isi,5.6%,
2008/4/11,13_isi,6.5%,
2008/4/11,13_isi,7.1%,
2008/4/16,13_isi,9.3%,
2008/4/16,13_isi,7.1%,
2008/4/16,13_isi,5.9%,
2008/4/16,13_isi,10.1%,
2008/4/16,13_isi,17.6%,
2008/4/16,13_isi,8.8%,
2008/4/16,13_isi,10.4%,
2008/4/16,13_isi,12.0%,
2008/4/16,13_isi,8.1%,
2008/4/16,13_isi,9.6%,
2008/4/16,13_isi,13.8%,
2008/4/16,13_isi,7.5%,
2008/4/16,13_isi,9.2%,
2008/4/16,13_isi,13.7%,
2008/4/16,13_isi,11.9%,
2008/4/16,13_isi,5.7%,
2008/4/16,13_isi,11.3%,
2008/4/16,13_isi,8.4%,
2008/4/16,13_isi,9.0%,
2008/4/16,13_isi,10.2%,
2008/4/16,13_isi,7.3%,
2008/4/16,13_isi,7.4%,
2008/4/16,13_isi,8.5%,
2008/4/16,13_isi,16.1%,
2008/4/16,13_isi,8.9%,
2008/4/16,13_isi,10.3%,
2008/4/16,13_isi,6.7%,
2008/4/16,13_isi,9.5%,
2008/4/16,13_isi,5.7%,
2008/4/16,13_isi,16.2%,
2008/4/23,13_isi,7.8%,
2008/4/23,13_isi,6.5%,
2008/4/23,13_isi,6.4%,
2008/4/23,13_isi,6.6%,
2008/4/23,13_isi,8.5%,
2008/4/23,13_isi,8.2%,
2008/4/23,13_isi,8.1%,
2008/4/23,13_isi,5.3%,
2008/4/23,13_isi,9.0%,
2008/4/23,13_isi,7.5%,
2008/4/23,13_isi,7.9%,
2008/4/23,13_isi,5.8%,
2008/4/23,13_isi,7.9%,
2008/4/23,13_isi,7.7%,
2008/4/23,13_isi,7.7%,
2008/4/23,13_isi,7.6%,
2008/4/23,13_isi,7.0%,
2008/4/23,13_isi,6.3%,
2008/4/23,13_isi,6.4%,
2008/4/23,13_isi,7.1%,
2008/4/23,13_isi,8.0%,
2008/4/23,13_isi,6.0%,
2008/4/23,13_isi,8.6%,
2008/4/23,13_isi,5.8%,
2008/4/23,13_isi,6.2%,
2008/4/23,13_isi,8.8%,
2008/4/23,13_isi,6.7%,
2008/4/23,13_isi,6.1%,
2008/4/23,13_isi,5.0%,
2008/4/23,13_isi,8.8%,
2008/4/30,13_isi,6.1%,
2008/4/30,13_isi,7.1%,
2008/4/30,13_isi,6.7%,
2008/4/30,13_isi,6.1%,
2008/4/30,13_isi,6.1%,
2008/4/30,13_isi,6.4%,
2008/4/30,13_isi,5.6%,
2008/4/30,13_isi,6.4%,
2008/4/30,13_isi,6.5%,
2008/4/30,13_isi,5.6%,
2008/4/30,13_isi,5.9%,
2008/4/30,13_isi,4.6%,
2008/4/30,13_isi,6.3%,
2008/4/30,13_isi,7.4%,
2008/4/30,13_isi,4.4%,
2008/4/30,13_isi,6.1%,
2008/4/30,13_isi,4.0%,
2008/4/30,13_isi,6.7%,
2008/4/30,13_isi,5.3%,
2008/4/30,13_isi,4.8%,
2008/4/30,13_isi,5.2%,
2008/4/30,13_isi,6.7%,
2008/4/30,13_isi,7.0%,
2008/4/30,13_isi,4.7%,
2008/4/30,13_isi,5.4%,
2008/4/30,13_isi,5.2%,
2008/4/30,13_isi,5.0%,
2008/4/30,13_isi,6.1%,
2008/4/30,13_isi,6.1%,
2008/4/30,13_isi,5.6%,
2008/4/3,15_ham,15.4%,
2008/4/3,15_ham,9.1%,
2008/4/3,15_ham,12.5%,
2008/4/3,15_ham,12.3%,
2008/4/3,15_ham,12.9%,
2008/4/3,15_ham,12.1%,
2008/4/3,15_ham,14.0%,
2008/4/3,15_ham,16.3%,
2008/4/3,15_ham,10.6%,
2008/4/3,15_ham,12.6%,
2008/4/3,15_ham,11.8%,
2008/4/3,15_ham,14.5%,
2008/4/3,15_ham,10.8%,
2008/4/3,15_ham,11.6%,
2008/4/3,15_ham,11.8%,
2008/4/3,15_ham,11.1%,
2008/4/3,15_ham,16.4%,
2008/4/3,15_ham,11.9%,
2008/4/3,15_ham,10.5%,
2008/4/3,15_ham,10.6%,
2008/4/3,15_ham,12.7%,
2008/4/3,15_ham,9.1%,
2008/4/3,15_ham,12.5%,
2008/4/3,15_ham,13.1%,
2008/4/3,15_ham,13.8%,
2008/4/3,15_ham,15.1%,
2008/4/3,15_ham,15.9%,
2008/4/3,15_ham,15.9%,
2008/4/3,15_ham,9.2%,
2008/4/3,15_ham,10.7%,
2008/4/7,15_ham,12.3%,
2008/4/7,15_ham,13.8%,
2008/4/7,15_ham,15.0%,
2008/4/7,15_ham,12.3%,
2008/4/7,15_ham,12.7%,
2008/4/7,15_ham,10.7%,
2008/4/7,15_ham,14.9%,
2008/4/7,15_ham,6.1%,
2008/4/7,15_ham,13.1%,
2008/4/7,15_ham,12.1%,
2008/4/7,15_ham,14.6%,
2008/4/7,15_ham,11.1%,
2008/4/7,15_ham,10.4%,
2008/4/7,15_ham,12.8%,
2008/4/7,15_ham,12.3%,
2008/4/7,15_ham,12.5%,
2008/4/7,15_ham,15.0%,
2008/4/7,15_ham,12.4%,
2008/4/7,15_ham,15.0%,
2008/4/7,15_ham,11.9%,
2008/4/7,15_ham,13.1%,
2008/4/7,15_ham,12.0%,
2008/4/7,15_ham,12.0%,
2008/4/7,15_ham,12.9%,
2008/4/7,15_ham,12.5%,
2008/4/7,15_ham,10.0%,
2008/4/7,15_ham,12.8%,
2008/4/7,15_ham,17.3%,
2008/4/7,15_ham,12.2%,
2008/4/7,15_ham,13.0%,
2008/4/11,15_ham,10.6%,
2008/4/11,15_ham,11.6%,
2008/4/11,15_ham,10.4%,
2008/4/11,15_ham,10.9%,
2008/4/11,15_ham,10.5%,
2008/4/11,15_ham,12.5%,
2008/4/11,15_ham,8.7%,
2008/4/11,15_ham,10.1%,
2008/4/11,15_ham,10.9%,
2008/4/11,15_ham,10.6%,
2008/4/11,15_ham,9.8%,
2008/4/11,15_ham,7.9%,
2008/4/11,15_ham,9.6%,
2008/4/11,15_ham,7.9%,
2008/4/11,15_ham,10.0%,
2008/4/11,15_ham,10.5%,
2008/4/11,15_ham,7.9%,
2008/4/11,15_ham,10.4%,
2008/4/11,15_ham,13.3%,
2008/4/11,15_ham,12.7%,
2008/4/11,15_ham,10.1%,
2008/4/11,15_ham,10.4%,
2008/4/11,15_ham,10.5%,
2008/4/11,15_ham,9.5%,
2008/4/11,15_ham,10.5%,
2008/4/11,15_ham,10.8%,
2008/4/11,15_ham,10.9%,
2008/4/11,15_ham,13.1%,
2008/4/11,15_ham,9.2%,
2008/4/11,15_ham,11.6%,
2008/4/16,15_ham,12.0%,
2008/4/16,15_ham,12.6%,
2008/4/16,15_ham,14.1%,
2008/4/16,15_ham,12.2%,
2008/4/16,15_ham,15.8%,
2008/4/16,15_ham,12.0%,
2008/4/16,15_ham,13.7%,
2008/4/16,15_ham,13.0%,
2008/4/16,15_ham,10.0%,
2008/4/16,15_ham,11.8%,
2008/4/16,15_ham,13.2%,
2008/4/16,15_ham,10.0%,
2008/4/16,15_ham,9.7%,
2008/4/16,15_ham,11.4%,
2008/4/16,15_ham,7.8%,
2008/4/16,15_ham,12.9%,
2008/4/16,15_ham,8.8%,
2008/4/16,15_ham,14.5%,
2008/4/16,15_ham,13.5%,
2008/4/16,15_ham,15.1%,
2008/4/16,15_ham,15.7%,
2008/4/16,15_ham,13.2%,
2008/4/16,15_ham,15.3%,
2008/4/16,15_ham,12.2%,
2008/4/16,15_ham,17.7%,
2008/4/16,15_ham,9.7%,
2008/4/16,15_ham,15.7%,
2008/4/16,15_ham,11.5%,
2008/4/16,15_ham,16.6%,
2008/4/16,15_ham,9.4%,
2008/4/23,15_ham,5.4%,
2008/4/23,15_ham,4.4%,
2008/4/23,15_ham,7.0%,
2008/4/23,15_ham,6.1%,
2008/4/23,15_ham,5.3%,
2008/4/23,15_ham,5.9%,
2008/4/23,15_ham,7.1%,
2008/4/23,15_ham,5.9%,
2008/4/23,15_ham,5.9%,
2008/4/23,15_ham,6.1%,
2008/4/23,15_ham,4.9%,
2008/4/23,15_ham,5.6%,
2008/4/23,15_ham,7.1%,
2008/4/23,15_ham,5.5%,
2008/4/23,15_ham,7.1%,
2008/4/23,15_ham,5.8%,
2008/4/23,15_ham,7.5%,
2008/4/23,15_ham,6.3%,
2008/4/23,15_ham,7.1%,
2008/4/23,15_ham,6.5%,
2008/4/23,15_ham,6.9%,
2008/4/23,15_ham,6.3%,
2008/4/23,15_ham,5.2%,
2008/4/23,15_ham,7.9%,
2008/4/23,15_ham,7.7%,
2008/4/23,15_ham,5.5%,
2008/4/23,15_ham,5.7%,
2008/4/23,15_ham,5.5%,
2008/4/23,15_ham,5.2%,
2008/4/23,15_ham,6.5%,
2008/4/30,15_ham,6.5%,
2008/4/30,15_ham,4.4%,
2008/4/30,15_ham,6.9%,
2008/4/30,15_ham,4.2%,
2008/4/30,15_ham,7.1%,
2008/4/30,15_ham,6.0%,
2008/4/30,15_ham,7.1%,
2008/4/30,15_ham,6.8%,
2008/4/30,15_ham,5.7%,
2008/4/30,15_ham,8.1%,
2008/4/30,15_ham,8.0%,
2008/4/30,15_ham,6.1%,
2008/4/30,15_ham,5.0%,
2008/4/30,15_ham,6.1%,
2008/4/30,15_ham,7.3%,
2008/4/30,15_ham,6.1%,
2008/4/30,15_ham,5.0%,
2008/4/30,15_ham,5.7%,
2008/4/30,15_ham,5.1%,
2008/4/30,15_ham,8.6%,
2008/4/30,15_ham,5.6%,
2008/4/30,15_ham,6.4%,
2008/4/30,15_ham,4.9%,
2008/4/30,15_ham,5.2%,
2008/4/30,15_ham,5.9%,
2008/4/30,15_ham,7.3%,
2008/4/30,15_ham,5.9%,
2008/4/30,15_ham,5.9%,
2008/4/30,15_ham,5.5%,
2008/4/30,15_ham,5.9%,
2009/3/25,13_isi,9.3%,
2009/3/25,13_isi,12.9%,
2009/3/25,13_isi,11.4%,
2009/3/25,13_isi,6.2%,
2009/3/25,13_isi,11.1%,
2009/3/25,13_isi,10.2%,
2009/3/25,13_isi,10.0%,
2009/3/25,13_isi,11.2%,
2009/3/25,13_isi,9.4%,
2009/3/25,13_isi,10.0%,
2009/3/25,13_isi,8.4%,
2009/3/25,13_isi,12.8%,
2009/3/25,13_isi,10.3%,
2009/3/25,13_isi,8.8%,
2009/3/25,13_isi,8.9%,
2009/3/25,13_isi,10.2%,
2009/3/25,13_isi,9.8%,
2009/3/25,13_isi,8.9%,
2009/3/25,13_isi,11.0%,
2009/3/25,13_isi,9.1%,
2009/3/25,13_isi,7.6%,
2009/3/25,13_isi,14.0%,
2009/3/25,13_isi,12.9%,
2009/3/25,13_isi,11.1%,
2009/3/25,13_isi,9.1%,
2009/3/25,13_isi,9.1%,
2009/3/25,13_isi,6.8%,
2009/3/25,13_isi,6.8%,
2009/3/25,13_isi,8.4%,
2009/3/25,13_isi,7.8%,
2009/4/3,13_isi,11.3%,
2009/4/3,13_isi,9.3%,
2009/4/3,13_isi,10.0%,
2009/4/3,13_isi,10.8%,
2009/4/3,13_isi,12.1%,
2009/4/3,13_isi,11.0%,
2009/4/3,13_isi,8.9%,
2009/4/3,13_isi,13.3%,
2009/4/3,13_isi,13.2%,
2009/4/3,13_isi,10.1%,
2009/4/3,13_isi,10.5%,
2009/4/3,13_isi,12.7%,
2009/4/3,13_isi,10.0%,
2009/4/3,13_isi,6.6%,
2009/4/3,13_isi,9.5%,
2009/4/3,13_isi,10.0%,
2009/4/3,13_isi,9.9%,
2009/4/3,13_isi,9.4%,
2009/4/3,13_isi,11.6%,
2009/4/3,13_isi,13.2%,
2009/4/3,13_isi,10.6%,
2009/4/3,13_isi,12.5%,
2009/4/3,13_isi,7.5%,
2009/4/3,13_isi,13.5%,
2009/4/3,13_isi,9.3%,
2009/4/3,13_isi,10.1%,
2009/4/3,13_isi,10.7%,
2009/4/3,13_isi,9.5%,
2009/4/3,13_isi,12.8%,
2009/4/3,13_isi,9.7%,
2009/4/8,13_isi,14.6%,
2009/4/8,13_isi,12.3%,
2009/4/8,13_isi,12.4%,
2009/4/8,13_isi,14.1%,
2009/4/8,13_isi,10.1%,
2009/4/8,13_isi,12.1%,
2009/4/8,13_isi,12.9%,
2009/4/8,13_isi,15.2%,
2009/4/8,13_isi,12.7%,
2009/4/8,13_isi,11.7%,
2009/4/8,13_isi,10.3%,
2009/4/8,13_isi,8.8%,
2009/4/8,13_isi,11.4%,
2009/4/8,13_isi,9.4%,
2009/4/8,13_isi,7.5%,
2009/4/8,13_isi,10.3%,
2009/4/8,13_isi,9.8%,
2009/4/8,13_isi,8.3%,
2009/4/8,13_isi,9.8%,
2009/4/8,13_isi,9.2%,
2009/4/8,13_isi,11.1%,
2009/4/8,13_isi,10.4%,
2009/4/8,13_isi,10.2%,
2009/4/8,13_isi,9.5%,
2009/4/8,13_isi,10.9%,
2009/4/8,13_isi,7.8%,
2009/4/8,13_isi,12.3%,
2009/4/8,13_isi,10.7%,
2009/4/8,13_isi,12.5%,
2009/4/8,13_isi,8.8%,
2009/4/15,13_isi,11.7%,
2009/4/15,13_isi,8.6%,
2009/4/15,13_isi,10.7%,
2009/4/15,13_isi,9.8%,
2009/4/15,13_isi,10.8%,
2009/4/15,13_isi,13.1%,
2009/4/15,13_isi,10.1%,
2009/4/15,13_isi,8.3%,
2009/4/15,13_isi,14.2%,
2009/4/15,13_isi,10.3%,
2009/4/15,13_isi,8.7%,
2009/4/15,13_isi,6.8%,
2009/4/15,13_isi,13.6%,
2009/4/15,13_isi,10.9%,
2009/4/15,13_isi,11.8%,
2009/4/15,13_isi,9.4%,
2009/4/15,13_isi,11.5%,
2009/4/15,13_isi,10.1%,
2009/4/15,13_isi,11.1%,
2009/4/15,13_isi,9.5%,
2009/4/15,13_isi,4.6%,
2009/4/15,13_isi,8.5%,
2009/4/15,13_isi,7.1%,
2009/4/15,13_isi,12.0%,
2009/4/15,13_isi,7.5%,
2009/4/15,13_isi,5.9%,
2009/4/15,13_isi,11.2%,
2009/4/15,13_isi,8.8%,
2009/4/15,13_isi,9.2%,
2009/4/21,13_isi,7.2%,
2009/4/21,13_isi,9.0%,
2009/4/21,13_isi,7.9%,
2009/4/21,13_isi,8.1%,
2009/4/21,13_isi,7.8%,
2009/4/21,13_isi,6.7%,
2009/4/21,13_isi,9.6%,
2009/4/21,13_isi,6.2%,
2009/4/21,13_isi,3.7%,
2009/4/21,13_isi,8.8%,
2009/4/21,13_isi,6.0%,
2009/4/21,13_isi,9.6%,
2009/4/21,13_isi,7.7%,
2009/4/21,13_isi,7.3%,
2009/4/21,13_isi,8.6%,
2009/4/21,13_isi,8.1%,
2009/4/21,13_isi,7.2%,
2009/4/21,13_isi,7.4%,
2009/4/21,13_isi,4.5%,
2009/4/21,13_isi,9.8%,
2009/4/21,13_isi,8.9%,
2009/4/21,13_isi,7.2%,
2009/4/21,13_isi,7.5%,
2009/4/21,13_isi,7.0%,
2009/4/21,13_isi,7.6%,
2009/4/21,13_isi,6.8%,
2009/4/21,13_isi,6.9%,
2009/4/21,13_isi,8.6%,
2009/4/21,13_isi,7.1%,
2009/4/21,13_isi,5.8%,
2009/4/27,13_isi,6.1%,
2009/4/27,13_isi,5.8%,
2009/4/27,13_isi,9.9%,
2009/4/27,13_isi,3.3%,
2009/4/27,13_isi,7.4%,
2009/4/27,13_isi,8.1%,
2009/4/27,13_isi,5.6%,
2009/4/27,13_isi,6.4%,
2009/4/27,13_isi,5.1%,
2009/4/27,13_isi,5.0%,
2009/4/27,13_isi,6.9%,
2009/4/27,13_isi,3.1%,
2009/4/27,13_isi,7.4%,
2009/4/27,13_isi,5.8%,
2009/4/27,13_isi,5.6%,
2009/4/27,13_isi,6.1%,
2009/4/27,13_isi,3.3%,
2009/4/27,13_isi,6.3%,
2009/4/27,13_isi,6.1%,
2009/4/27,13_isi,10.2%,
2009/4/27,13_isi,9.2%,
2009/4/27,13_isi,6.7%,
2009/4/27,13_isi,7.5%,
2009/4/27,13_isi,6.2%,
2009/4/27,13_isi,5.2%,
2009/4/27,13_isi,4.7%,
2009/4/27,13_isi,10.0%,
2009/4/27,13_isi,4.8%,
2009/4/27,13_isi,4.2%,
2009/4/27,13_isi,7.6%,
2009/4/2,15_ham,10.9%,
2009/4/2,15_ham,9.7%,
2009/4/2,15_ham,10.5%,
2009/4/2,15_ham,13.8%,
2009/4/2,15_ham,10.6%,
2009/4/2,15_ham,9.7%,
2009/4/2,15_ham,11.1%,
2009/4/2,15_ham,9.4%,
2009/4/2,15_ham,10.0%,
2009/4/2,15_ham,11.7%,
2009/4/2,15_ham,12.1%,
2009/4/2,15_ham,10.5%,
2009/4/2,15_ham,9.4%,
2009/4/2,15_ham,11.3%,
2009/4/2,15_ham,11.6%,
2009/4/2,15_ham,11.1%,
2009/4/2,15_ham,12.8%,
2009/4/2,15_ham,10.6%,
2009/4/2,15_ham,9.8%,
2009/4/2,15_ham,12.6%,
2009/4/2,15_ham,10.8%,
2009/4/2,15_ham,13.3%,
2009/4/2,15_ham,9.8%,
2009/4/2,15_ham,11.6%,
2009/4/2,15_ham,6.8%,
2009/4/2,15_ham,13.9%,
2009/4/2,15_ham,11.0%,
2009/4/2,15_ham,10.8%,
2009/4/2,15_ham,13.8%,
2009/4/2,15_ham,12.5%,
2009/4/9,15_ham,12.3%,
2009/4/9,15_ham,10.5%,
2009/4/9,15_ham,9.0%,
2009/4/9,15_ham,11.7%,
2009/4/9,15_ham,10.2%,
2009/4/9,15_ham,11.1%,
2009/4/9,15_ham,12.3%,
2009/4/9,15_ham,7.5%,
2009/4/9,15_ham,8.8%,
2009/4/9,15_ham,9.9%,
2009/4/9,15_ham,10.1%,
2009/4/9,15_ham,10.6%,
2009/4/9,15_ham,8.2%,
2009/4/9,15_ham,10.6%,
2009/4/9,15_ham,10.8%,
2009/4/9,15_ham,11.1%,
2009/4/9,15_ham,10.2%,
2009/4/9,15_ham,7.7%,
2009/4/9,15_ham,11.5%,
2009/4/9,15_ham,12.0%,
2009/4/9,15_ham,6.3%,
2009/4/9,15_ham,9.0%,
2009/4/9,15_ham,9.1%,
2009/4/9,15_ham,10.0%,
2009/4/9,15_ham,10.0%,
2009/4/9,15_ham,12.2%,
2009/4/9,15_ham,10.0%,
2009/4/9,15_ham,10.9%,
2009/4/9,15_ham,11.8%,
2009/4/9,15_ham,10.2%,
2009/4/15,15_ham,9.1%,
2009/4/15,15_ham,8.7%,
2009/4/15,15_ham,9.0%,
2009/4/15,15_ham,8.6%,
2009/4/15,15_ham,7.1%,
2009/4/15,15_ham,8.1%,
2009/4/15,15_ham,5.2%,
2009/4/15,15_ham,10.9%,
2009/4/15,15_ham,6.1%,
2009/4/15,15_ham,10.4%,
2009/4/15,15_ham,10.9%,
2009/4/15,15_ham,9.6%,
2009/4/15,15_ham,8.9%,
2009/4/15,15_ham,8.1%,
2009/4/15,15_ham,12.0%,
2009/4/15,15_ham,5.7%,
2009/4/15,15_ham,5.8%,
2009/4/15,15_ham,9.0%,
2009/4/15,15_ham,9.1%,
2009/4/15,15_ham,7.4%,
2009/4/15,15_ham,13.0%,
2009/4/15,15_ham,5.9%,
2009/4/15,15_ham,5.4%,
2009/4/15,15_ham,11.4%,
2009/4/15,15_ham,12.6%,
2009/4/15,15_ham,5.5%,
2009/4/15,15_ham,7.8%,
2009/4/15,15_ham,10.3%,
2009/4/15,15_ham,5.3%,
2009/4/15,15_ham,11.6%,
2009/4/24,15_ham,8.3%,
2009/4/24,15_ham,9.5%,
2009/4/24,15_ham,7.1%,
2009/4/24,15_ham,5.1%,
2009/4/24,15_ham,7.5%,
2009/4/24,15_ham,4.9%,
2009/4/24,15_ham,6.3%,
2009/4/24,15_ham,6.3%,
2009/4/24,15_ham,6.6%,
2009/4/24,15_ham,7.5%,
2009/4/24,15_ham,4.0%,
2009/4/24,15_ham,5.4%,
2009/4/24,15_ham,5.4%,
2009/4/24,15_ham,5.7%,
2009/4/24,15_ham,6.8%,
2009/4/24,15_ham,5.4%,
2009/4/24,15_ham,5.3%,
2009/4/24,15_ham,5.7%,
2009/4/24,15_ham,4.6%,
2009/4/24,15_ham,5.5%,
2009/4/24,15_ham,6.0%,
2009/4/24,15_ham,4.6%,
2009/4/24,15_ham,5.1%,
2009/4/24,15_ham,5.3%,
2009/4/24,15_ham,5.1%,
2009/4/24,15_ham,4.6%,
2009/4/24,15_ham,6.2%,
2009/4/24,15_ham,4.9%,
2009/4/24,15_ham,5.7%,
2009/4/24,15_ham,6.0%,
2010/3/30,13_isi,14.5%,
2010/3/30,13_isi,11.5%,
2010/3/30,13_isi,13.4%,
2010/3/30,13_isi,12.9%,
2010/3/30,13_isi,13.7%,
2010/3/30,13_isi,12.7%,
2010/3/30,13_isi,12.6%,
2010/3/30,13_isi,12.8%,
2010/3/30,13_isi,13.8%,
2010/3/30,13_isi,12.1%,
2010/3/30,13_isi,13.7%,
2010/3/30,13_isi,12.3%,
2010/3/30,13_isi,12.7%,
2010/3/30,13_isi,13.7%,
2010/3/30,13_isi,13.5%,
2010/3/30,13_isi,13.1%,
2010/3/30,13_isi,13.2%,
2010/3/30,13_isi,12.4%,
2010/3/30,13_isi,15.2%,
2010/3/30,13_isi,10.4%,
2010/3/30,13_isi,11.2%,
2010/3/30,13_isi,13.7%,
2010/3/30,13_isi,12.7%,
2010/3/30,13_isi,14.3%,
2010/3/30,13_isi,12.6%,
2010/3/30,13_isi,13.7%,
2010/3/30,13_isi,12.5%,
2010/3/30,13_isi,15.3%,
2010/3/30,13_isi,11.1%,
2010/3/30,13_isi,13.5%,
2010/4/7,13_isi,11.6%,
2010/4/7,13_isi,14.7%,
2010/4/7,13_isi,13.6%,
2010/4/7,13_isi,14.5%,
2010/4/7,13_isi,12.6%,
2010/4/7,13_isi,12.0%,
2010/4/7,13_isi,12.3%,
2010/4/7,13_isi,8.9%,
2010/4/7,13_isi,12.6%,
2010/4/7,13_isi,15.2%,
2010/4/7,13_isi,12.9%,
2010/4/7,13_isi,14.0%,
2010/4/7,13_isi,13.8%,
2010/4/7,13_isi,10.4%,
2010/4/7,13_isi,12.9%,
2010/4/7,13_isi,13.4%,
2010/4/7,13_isi,11.8%,
2010/4/7,13_isi,15.9%,
2010/4/7,13_isi,13.5%,
2010/4/7,13_isi,14.2%,
2010/4/7,13_isi,14.1%,
2010/4/7,13_isi,8.2%,
2010/4/7,13_isi,11.8%,
2010/4/7,13_isi,7.7%,
2010/4/7,13_isi,15.2%,
2010/4/7,13_isi,13.0%,
2010/4/7,13_isi,16.7%,
2010/4/7,13_isi,15.1%,
2010/4/7,13_isi,12.8%,
2010/4/7,13_isi,11.6%,
2010/4/19,13_isi,12.2%,
2010/4/19,13_isi,13.7%,
2010/4/19,13_isi,10.1%,
2010/4/19,13_isi,12.4%,
2010/4/19,13_isi,13.3%,
2010/4/19,13_isi,11.3%,
2010/4/19,13_isi,11.2%,
2010/4/19,13_isi,12.9%,
2010/4/19,13_isi,12.8%,
2010/4/19,13_isi,14.0%,
2010/4/19,13_isi,13.2%,
2010/4/19,13_isi,21.0%,
2010/4/19,13_isi,13.2%,
2010/4/19,13_isi,9.2%,
2010/4/19,13_isi,13.7%,
2010/4/19,13_isi,11.2%,
2010/4/19,13_isi,13.9%,
2010/4/19,13_isi,9.9%,
2010/4/19,13_isi,7.8%,
2010/4/19,13_isi,15.7%,
2010/4/19,13_isi,12.0%,
2010/4/19,13_isi,16.1%,
2010/4/19,13_isi,14.4%,
2010/4/19,13_isi,15.5%,
2010/4/19,13_isi,10.5%,
2010/4/19,13_isi,13.5%,
2010/4/19,13_isi,14.7%,
2010/4/19,13_isi,18.2%,
2010/4/19,13_isi,11.6%,
2010/4/19,13_isi,16.0%,
2010/4/26,13_isi,12.3%,
2010/4/26,13_isi,10.1%,
2010/4/26,13_isi,10.8%,
2010/4/26,13_isi,15.0%,
2010/4/26,13_isi,10.7%,
2010/4/26,13_isi,15.2%,
2010/4/26,13_isi,14.0%,
2010/4/26,13_isi,11.8%,
2010/4/26,13_isi,13.2%,
2010/4/26,13_isi,14.5%,
2010/4/26,13_isi,13.8%,
2010/4/26,13_isi,14.8%,
2010/4/26,13_isi,13.7%,
2010/4/26,13_isi,14.3%,
2010/4/26,13_isi,13.7%,
2010/4/26,13_isi,13.2%,
2010/4/26,13_isi,18.6%,
2010/4/26,13_isi,9.5%,
2010/4/26,13_isi,5.9%,
2010/4/26,13_isi,9.4%,
2010/4/26,13_isi,17.0%,
2010/4/26,13_isi,10.5%,
2010/4/26,13_isi,16.5%,
2010/4/26,13_isi,18.1%,
2010/4/26,13_isi,9.5%,
2010/4/26,13_isi,7.4%,
2010/4/26,13_isi,13.9%,
2010/4/26,13_isi,14.2%,
2010/4/26,13_isi,13.2%,
2010/4/26,13_isi,15.2%,
2010/5/6,13_isi,12.9%,
2010/5/6,13_isi,5.6%,
2010/5/6,13_isi,10.8%,
2010/5/6,13_isi,5.6%,
2010/5/6,13_isi,6.6%,
2010/5/6,13_isi,5.8%,
2010/5/6,13_isi,9.5%,
2010/5/6,13_isi,7.9%,
2010/5/6,13_isi,5.5%,
2010/5/6,13_isi,10.6%,
2010/5/6,13_isi,11.2%,
2010/5/6,13_isi,7.6%,
2010/5/6,13_isi,7.0%,
2010/5/6,13_isi,11.1%,
2010/5/6,13_isi,7.3%,
2010/5/6,13_isi,17.4%,
2010/5/6,13_isi,13.5%,
2010/5/6,13_isi,7.9%,
2010/5/6,13_isi,7.3%,
2010/5/6,13_isi,11.9%,
2010/5/6,13_isi,6.7%,
2010/5/6,13_isi,7.4%,
2010/5/6,13_isi,7.6%,
2010/5/6,13_isi,12.3%,
2010/5/6,13_isi,7.3%,
2010/5/6,13_isi,14.1%,
2010/5/6,13_isi,9.2%,
2010/5/6,13_isi,5.0%,
2010/5/6,13_isi,6.6%,
2010/5/6,13_isi,7.8%,
2010/5/11,13_isi,5.1%,
2010/5/11,13_isi,6.4%,
2010/5/11,13_isi,6.4%,
2010/5/11,13_isi,5.3%,
2010/5/11,13_isi,6.0%,
2010/5/11,13_isi,5.8%,
2010/5/11,13_isi,5.3%,
2010/5/11,13_isi,6.4%,
2010/5/11,13_isi,5.9%,
2010/5/11,13_isi,6.9%,
2010/5/11,13_isi,7.6%,
2010/5/11,13_isi,6.9%,
2010/5/11,13_isi,5.6%,
2010/5/11,13_isi,7.1%,
2010/5/11,13_isi,4.3%,
2010/5/11,13_isi,5.4%,
2010/5/11,13_isi,6.6%,
2010/5/11,13_isi,4.6%,
2010/5/11,13_isi,5.2%,
2010/5/11,13_isi,5.9%,
2010/5/11,13_isi,5.0%,
2010/5/11,13_isi,5.7%,
2010/5/11,13_isi,5.7%,
2010/5/11,13_isi,5.4%,
2010/5/11,13_isi,6.2%,
2010/5/11,13_isi,5.5%,
2010/5/11,13_isi,5.9%,
2010/5/11,13_isi,4.7%,
2010/5/11,13_isi,6.0%,
2010/5/11,13_isi,7.3%,
2011/4/7,13_isi,7.8%,
2011/4/7,13_isi,10.1%,
2011/4/7,13_isi,7.7%,
2011/4/7,13_isi,8.1%,
2011/4/7,13_isi,7.5%,
2011/4/7,13_isi,10.1%,
2011/4/7,13_isi,9.6%,
2011/4/7,13_isi,7.1%,
2011/4/7,13_isi,9.0%,
2011/4/7,13_isi,8.9%,
2011/4/7,13_isi,9.1%,
2011/4/7,13_isi,8.9%,
2011/4/7,13_isi,8.2%,
2011/4/7,13_isi,8.8%,
2011/4/7,13_isi,10.0%,
2011/4/7,13_isi,6.5%,
2011/4/7,13_isi,7.9%,
2011/4/7,13_isi,8.6%,
2011/4/7,13_isi,12.4%,
2011/4/7,13_isi,12.3%,
2011/4/7,13_isi,10.3%,
2011/4/7,13_isi,7.1%,
2011/4/7,13_isi,12.5%,
2011/4/7,13_isi,9.6%,
2011/4/7,13_isi,8.9%,
2011/4/7,13_isi,7.1%,
2011/4/7,13_isi,9.4%,
2011/4/7,13_isi,12.0%,
2011/4/7,13_isi,10.0%,
2011/4/7,13_isi,8.9%,
2011/4/13,13_isi,9.4%,
2011/4/13,13_isi,7.1%,
2011/4/13,13_isi,10.8%,
2011/4/13,13_isi,11.9%,
2011/4/13,13_isi,11.6%,
2011/4/13,13_isi,8.7%,
2011/4/13,13_isi,10.2%,
2011/4/13,13_isi,11.0%,
2011/4/13,13_isi,10.7%,
2011/4/13,13_isi,10.1%,
2011/4/13,13_isi,10.1%,
2011/4/13,13_isi,10.4%,
2011/4/13,13_isi,9.9%,
2011/4/13,13_isi,10.6%,
2011/4/13,13_isi,9.6%,
2011/4/13,13_isi,10.6%,
2011/4/13,13_isi,10.9%,
2011/4/13,13_isi,5.6%,
2011/4/13,13_isi,12.2%,
2011/4/13,13_isi,11.1%,
2011/4/13,13_isi,9.8%,
2011/4/13,13_isi,6.4%,
2011/4/13,13_isi,13.4%,
2011/4/13,13_isi,9.1%,
2011/4/13,13_isi,8.8%,
2011/4/13,13_isi,8.8%,
2011/4/13,13_isi,12.3%,
2011/4/13,13_isi,13.6%,
2011/4/13,13_isi,10.5%,
2011/4/13,13_isi,13.0%,
2011/4/20,13_isi,8.4%,
2011/4/20,13_isi,6.6%,
2011/4/20,13_isi,5.3%,
2011/4/20,13_isi,6.2%,
2011/4/20,13_isi,7.2%,
2011/4/20,13_isi,6.3%,
2011/4/20,13_isi,5.8%,
2011/4/20,13_isi,4.8%,
2011/4/20,13_isi,7.7%,
2011/4/20,13_isi,6.7%,
2011/4/20,13_isi,8.9%,
2011/4/20,13_isi,5.6%,
2011/4/20,13_isi,8.0%,
2011/4/20,13_isi,6.6%,
2011/4/20,13_isi,5.7%,
2011/4/20,13_isi,6.1%,
2011/4/20,13_isi,6.1%,
2011/4/20,13_isi,5.6%,
2011/4/20,13_isi,5.6%,
2011/4/20,13_isi,6.9%,
2011/4/20,13_isi,4.9%,
2011/4/20,13_isi,5.1%,
2011/4/20,13_isi,4.4%,
2011/4/20,13_isi,7.6%,
2011/4/20,13_isi,4.8%,
2011/4/20,13_isi,5.8%,
2011/4/20,13_isi,5.3%,
2011/4/20,13_isi,4.5%,
2011/4/20,13_isi,4.7%,
2011/4/20,13_isi,6.5%,
2011/4/27,13_isi,7.1%,
2011/4/27,13_isi,7.3%,
2011/4/27,13_isi,7.4%,
2011/4/27,13_isi,8.7%,
2011/4/27,13_isi,7.2%,
2011/4/27,13_isi,5.6%,
2011/4/27,13_isi,6.2%,
2011/4/27,13_isi,7.1%,
2011/4/27,13_isi,6.5%,
2011/4/27,13_isi,8.2%,
2011/4/27,13_isi,7.6%,
2011/4/27,13_isi,7.8%,
2011/4/27,13_isi,7.9%,
2011/4/27,13_isi,6.0%,
2011/4/27,13_isi,8.0%,
2011/4/27,13_isi,5.3%,
2011/4/27,13_isi,7.3%,
2011/4/27,13_isi,6.7%,
2011/4/27,13_isi,5.8%,
2011/4/27,13_isi,5.1%,
2011/4/27,13_isi,4.5%,
2011/4/27,13_isi,5.3%,
2011/4/27,13_isi,6.4%,
2011/4/27,13_isi,4.1%,
2011/4/27,13_isi,5.3%,
2011/4/27,13_isi,5.3%,
2011/4/27,13_isi,9.9%,
2011/4/27,13_isi,6.6%,
2011/4/27,13_isi,5.1%,
2011/4/27,13_isi,7.1%,
2011/5/6,13_isi,5.2%,
2011/5/6,13_isi,4.5%,
2011/5/6,13_isi,5.7%,
2011/5/6,13_isi,5.2%,
2011/5/6,13_isi,3.1%,
2011/5/6,13_isi,4.2%,
2011/5/6,13_isi,4.6%,
2011/5/6,13_isi,5.2%,
2011/5/6,13_isi,4.1%,
2011/5/6,13_isi,5.4%,
2011/5/6,13_isi,4.2%,
2011/5/6,13_isi,5.8%,
2011/5/6,13_isi,5.3%,
2011/5/6,13_isi,4.5%,
2011/5/6,13_isi,4.2%,
2011/5/6,13_isi,5.2%,
2011/5/6,13_isi,3.7%,
2011/5/6,13_isi,4.8%,
2011/5/6,13_isi,5.9%,
2011/5/6,13_isi,4.4%,
2011/5/6,13_isi,5.9%,
2011/5/6,13_isi,4.5%,
2011/5/6,13_isi,4.1%,
2011/5/6,13_isi,5.7%,
2011/5/6,13_isi,3.7%,
2011/5/6,13_isi,5.2%,
2011/5/6,13_isi,4.0%,
2011/5/6,13_isi,5.0%,
2011/5/6,13_isi,5.2%,
2011/5/6,13_isi,5.7%,
2012/3/28,13_isi,10.0%,
2012/3/28,13_isi,12.6%,
2012/3/28,13_isi,12.8%,
2012/3/28,13_isi,13.3%,
2012/3/28,13_isi,13.7%,
2012/3/28,13_isi,10.2%,
2012/3/28,13_isi,10.8%,
2012/3/28,13_isi,12.1%,
2012/3/28,13_isi,13.8%,
2012/3/28,13_isi,13.4%,
2012/3/28,13_isi,12.4%,
2012/3/28,13_isi,11.5%,
2012/3/28,13_isi,9.7%,
2012/3/28,13_isi,10.6%,
2012/3/28,13_isi,14.4%,
2012/3/28,13_isi,10.0%,
2012/3/28,13_isi,10.3%,
2012/3/28,13_isi,10.4%,
2012/3/28,13_isi,10.4%,
2012/3/28,13_isi,14.9%,
2012/3/28,13_isi,11.4%,
2012/3/28,13_isi,12.3%,
2012/3/28,13_isi,9.5%,
2012/3/28,13_isi,11.1%,
2012/3/28,13_isi,14.4%,
2012/3/28,13_isi,10.3%,
2012/3/28,13_isi,11.7%,
2012/3/28,13_isi,10.4%,
2012/3/28,13_isi,11.3%,
2012/3/28,13_isi,11.1%,
2012/4/3,13_isi,13.1%,
2012/4/3,13_isi,12.7%,
2012/4/3,13_isi,11.3%,
2012/4/3,13_isi,11.8%,
2012/4/3,13_isi,10.8%,
2012/4/3,13_isi,13.5%,
2012/4/3,13_isi,13.8%,
2012/4/3,13_isi,11.8%,
2012/4/3,13_isi,12.2%,
2012/4/3,13_isi,12.7%,
2012/4/3,13_isi,9.1%,
2012/4/3,13_isi,12.6%,
2012/4/3,13_isi,13.1%,
2012/4/3,13_isi,13.5%,
2012/4/3,13_isi,14.6%,
2012/4/3,13_isi,15.2%,
2012/4/3,13_isi,11.9%,
2012/4/3,13_isi,12.7%,
2012/4/3,13_isi,14.6%,
2012/4/3,13_isi,8.7%,
2012/4/3,13_isi,13.3%,
2012/4/3,13_isi,12.4%,
2012/4/3,13_isi,10.7%,
2012/4/3,13_isi,11.5%,
2012/4/3,13_isi,12.8%,
2012/4/3,13_isi,13.3%,
2012/4/3,13_isi,11.2%,
2012/4/3,13_isi,13.0%,
2012/4/3,13_isi,11.5%,
2012/4/3,13_isi,9.4%,
2012/4/10,13_isi,11.5%,
2012/4/10,13_isi,11.7%,
2012/4/10,13_isi,11.8%,
2012/4/10,13_isi,7.7%,
2012/4/10,13_isi,8.1%,
2012/4/10,13_isi,13.5%,
2012/4/10,13_isi,9.0%,
2012/4/10,13_isi,11.8%,
2012/4/10,13_isi,13.0%,
2012/4/10,13_isi,12.5%,
2012/4/10,13_isi,14.5%,
2012/4/10,13_isi,9.4%,
2012/4/10,13_isi,9.4%,
2012/4/10,13_isi,12.1%,
2012/4/10,13_isi,12.0%,
2012/4/10,13_isi,11.2%,
2012/4/10,13_isi,12.4%,
2012/4/10,13_isi,10.5%,
2012/4/10,13_isi,13.0%,
2012/4/10,13_isi,13.5%,
2012/4/10,13_isi,9.6%,
2012/4/10,13_isi,12.7%,
2012/4/10,13_isi,17.4%,
2012/4/10,13_isi,14.3%,
2012/4/10,13_isi,14.2%,
2012/4/10,13_isi,10.2%,
2012/4/10,13_isi,14.5%,
2012/4/10,13_isi,12.1%,
2012/4/10,13_isi,11.3%,
2012/4/10,13_isi,14.7%,
2012/4/17,13_isi,10.9%,
2012/4/17,13_isi,10.5%,
2012/4/17,13_isi,10.6%,
2012/4/17,13_isi,10.7%,
2012/4/17,13_isi,10.4%,
2012/4/17,13_isi,10.1%,
2012/4/17,13_isi,7.0%,
2012/4/17,13_isi,11.3%,
2012/4/17,13_isi,12.1%,
2012/4/17,13_isi,11.4%,
2012/4/17,13_isi,14.2%,
2012/4/17,13_isi,10.2%,
2012/4/17,13_isi,11.6%,
2012/4/17,13_isi,8.7%,
2012/4/17,13_isi,13.4%,
2012/4/17,13_isi,10.6%,
2012/4/17,13_isi,7.5%,
2012/4/17,13_isi,10.1%,
2012/4/17,13_isi,9.5%,
2012/4/17,13_isi,8.7%,
2012/4/17,13_isi,11.0%,
2012/4/17,13_isi,6.6%,
2012/4/17,13_isi,8.3%,
2012/4/17,13_isi,12.4%,
2012/4/17,13_isi,6.5%,
2012/4/17,13_isi,7.0%,
2012/4/17,13_isi,6.5%,
2012/4/17,13_isi,10.1%,
2012/4/17,13_isi,8.2%,
2012/4/17,13_isi,14.1%,
2012/4/24,13_isi,5.0%,
2012/4/24,13_isi,6.2%,
2012/4/24,13_isi,6.8%,
2012/4/24,13_isi,9.5%,
2012/4/24,13_isi,7.0%,
2012/4/24,13_isi,8.6%,
2012/4/24,13_isi,6.7%,
2012/4/24,13_isi,8.2%,
2012/4/24,13_isi,6.6%,
2012/4/24,13_isi,6.1%,
2012/4/24,13_isi,5.2%,
2012/4/24,13_isi,7.6%,
2012/4/24,13_isi,6.9%,
2012/4/24,13_isi,6.5%,
2012/4/24,13_isi,6.1%,
2012/4/24,13_isi,0.9%,
2012/4/24,13_isi,6.8%,
2012/4/24,13_isi,7.2%,
2012/4/24,13_isi,4.6%,
2012/4/24,13_isi,5.6%,
2012/4/24,13_isi,5.1%,
2012/4/24,13_isi,7.7%,
2012/4/24,13_isi,6.5%,
2012/4/24,13_isi,4.2%,
2012/4/24,13_isi,5.1%,
2012/4/24,13_isi,6.5%,
2012/4/24,13_isi,6.7%,
2012/4/24,13_isi,5.4%,
2012/4/24,13_isi,7.0%,
2012/4/24,13_isi,6.1%,
2012/5/1,13_isi,5.0%,
2012/5/1,13_isi,9.0%,
2012/5/1,13_isi,4.5%,
2012/5/1,13_isi,7.7%,
2012/5/1,13_isi,5.7%,
2012/5/1,13_isi,6.7%,
2012/5/1,13_isi,6.7%,
2012/5/1,13_isi,5.8%,
2012/5/1,13_isi,6.3%,
2012/5/1,13_isi,8.1%,
2012/5/1,13_isi,6.7%,
2012/5/1,13_isi,5.7%,
2012/5/1,13_isi,6.3%,
2012/5/1,13_isi,5.7%,
2012/5/1,13_isi,5.9%,
2012/5/1,13_isi,5.2%,
2012/5/1,13_isi,4.7%,
2012/5/1,13_isi,3.9%,
2012/5/1,13_isi,4.2%,
2012/5/1,13_isi,5.1%,
2012/5/1,13_isi,4.8%,
2012/5/1,13_isi,6.5%,
2012/5/1,13_isi,6.2%,
2012/5/1,13_isi,7.6%,
2012/5/1,13_isi,8.8%,
2012/5/1,13_isi,6.4%,
2012/5/1,13_isi,5.1%,
2012/5/1,13_isi,4.7%,
2012/5/1,13_isi,4.9%,
2012/5/1,13_isi,3.8%,
2012/5/8,13_isi,5.0%,
2012/5/8,13_isi,4.0%,
2012/5/8,13_isi,4.7%,
2012/5/8,13_isi,5.9%,
2012/5/8,13_isi,9.4%,
2012/5/8,13_isi,3.7%,
2012/5/8,13_isi,4.3%,
2012/5/8,13_isi,2.9%,
2012/5/8,13_isi,4.6%,
2012/5/8,13_isi,3.5%,
2012/5/8,13_isi,4.2%,
2012/5/8,13_isi,4.3%,
2012/5/8,13_isi,4.7%,
2012/5/8,13_isi,4.1%,
2012/5/8,13_isi,3.4%,
2012/5/8,13_isi,4.5%,
2012/5/8,13_isi,3.8%,
2012/5/8,13_isi,4.4%,
2012/5/8,13_isi,3.9%,
2012/5/8,13_isi,4.6%,
2013/4/3,13_isi,8.7%,
2013/4/3,13_isi,11.1%,
2013/4/3,13_isi,12.5%,
2013/4/3,13_isi,12.4%,
2013/4/3,13_isi,8.7%,
2013/4/3,13_isi,11.3%,
2013/4/3,13_isi,9.9%,
2013/4/3,13_isi,14.0%,
2013/4/3,13_isi,9.6%,
2013/4/3,13_isi,11.5%,
2013/4/3,13_isi,10.2%,
2013/4/3,13_isi,10.8%,
2013/4/3,13_isi,8.4%,
2013/4/3,13_isi,13.4%,
2013/4/3,13_isi,9.1%,
2013/4/3,13_isi,9.9%,
2013/4/3,13_isi,9.8%,
2013/4/3,13_isi,14.0%,
2013/4/3,13_isi,9.1%,
2013/4/3,13_isi,9.9%,
2013/4/3,13_isi,11.4%,
2013/4/3,13_isi,10.9%,
2013/4/3,13_isi,13.2%,
2013/4/3,13_isi,9.7%,
2013/4/3,13_isi,8.1%,
2013/4/3,13_isi,12.8%,
2013/4/3,13_isi,12.4%,
2013/4/3,13_isi,10.0%,
2013/4/3,13_isi,9.5%,
2013/4/3,13_isi,8.8%,
2013/4/10,13_isi,89.3%,
2013/4/10,13_isi,10.1%,
2013/4/10,13_isi,9.3%,
2013/4/10,13_isi,7.7%,
2013/4/10,13_isi,8.5%,
2013/4/10,13_isi,7.4%,
2013/4/10,13_isi,10.8%,
2013/4/10,13_isi,8.2%,
2013/4/10,13_isi,8.6%,
2013/4/10,13_isi,6.5%,
2013/4/10,13_isi,8.1%,
2013/4/10,13_isi,7.8%,
2013/4/10,13_isi,9.7%,
2013/4/10,13_isi,7.7%,
2013/4/10,13_isi,9.8%,
2013/4/10,13_isi,4.3%,
2013/4/10,13_isi,7.0%,
2013/4/10,13_isi,5.8%,
2013/4/10,13_isi,6.8%,
2013/4/10,13_isi,8.2%,
2013/4/10,13_isi,5.1%,
2013/4/10,13_isi,6.6%,
2013/4/10,13_isi,10.4%,
2013/4/10,13_isi,5.9%,
2013/4/10,13_isi,5.6%,
2013/4/10,13_isi,4.8%,
2013/4/10,13_isi,6.0%,
2013/4/10,13_isi,6.7%,
2013/4/10,13_isi,5.1%,
2013/4/10,13_isi,10.6%,
2013/4/16,13_isi,10.1%,
2013/4/16,13_isi,5.0%,
2013/4/16,13_isi,5.1%,
2013/4/16,13_isi,8.0%,
2013/4/16,13_isi,9.8%,
2013/4/16,13_isi,9.4%,
2013/4/16,13_isi,8.0%,
2013/4/16,13_isi,5.7%,
2013/4/16,13_isi,8.8%,
2013/4/16,13_isi,5.4%,
2013/4/16,13_isi,5.0%,
2013/4/16,13_isi,8.9%,
2013/4/16,13_isi,10.0%,
2013/4/16,13_isi,8.0%,
2013/4/16,13_isi,8.1%,
2013/4/16,13_isi,6.5%,
2013/4/16,13_isi,5.2%,
2013/4/16,13_isi,5.8%,
2013/4/16,13_isi,4.9%,
2013/4/16,13_isi,6.4%,
2013/4/16,13_isi,5.6%,
2013/4/16,13_isi,10.8%,
2013/4/16,13_isi,8.3%,
2013/4/16,13_isi,7.6%,
2013/4/16,13_isi,6.8%,
2013/4/16,13_isi,8.8%,
2013/4/16,13_isi,5.6%,
2013/4/16,13_isi,5.9%,
2013/4/16,13_isi,7.1%,
2013/4/16,13_isi,5.2%,
2013/4/22,13_isi,5.3%,
2013/4/22,13_isi,8.4%,
2013/4/22,13_isi,9.8%,
2013/4/22,13_isi,8.6%,
2013/4/22,13_isi,5.7%,
2013/4/22,13_isi,10.3%,
2013/4/22,13_isi,8.8%,
2013/4/22,13_isi,6.0%,
2013/4/22,13_isi,7.3%,
2013/4/22,13_isi,6.4%,
2013/4/22,13_isi,10.5%,
2013/4/22,13_isi,6.9%,
2013/4/22,13_isi,4.7%,
2013/4/22,13_isi,10.4%,
2013/4/22,13_isi,5.7%,
2013/4/22,13_isi,4.9%,
2013/4/22,13_isi,4.9%,
2013/4/22,13_isi,5.3%,
2013/4/22,13_isi,6.4%,
2013/4/22,13_isi,8.2%,
2013/4/22,13_isi,5.9%,
2013/4/22,13_isi,8.0%,
2013/4/22,13_isi,6.7%,
2013/4/22,13_isi,6.1%,
2013/4/22,13_isi,5.3%,
2013/4/22,13_isi,5.7%,
2013/4/22,13_isi,6.0%,
2013/4/22,13_isi,6.0%,
2013/4/22,13_isi,7.3%,
2013/4/22,13_isi,6.7%,
2013/5/1,13_isi,4.6%,
2013/5/1,13_isi,4.7%,
2013/5/1,13_isi,4.9%,
2013/5/1,13_isi,4.8%,
2013/5/1,13_isi,5.2%,
2013/5/1,13_isi,3.9%,
2013/5/1,13_isi,4.9%,
2013/5/1,13_isi,5.7%,
2013/5/1,13_isi,5.6%,
2013/5/1,13_isi,5.1%,
2013/5/1,13_isi,7.4%,
2013/5/1,13_isi,2.9%,
2013/5/1,13_isi,6.9%,
2013/5/1,13_isi,3.8%,
2013/5/1,13_isi,9.0%,
2013/5/1,13_isi,7.3%,
2013/5/1,13_isi,7.4%,
2013/5/1,13_isi,8.8%,
2013/5/1,13_isi,4.0%,
2013/5/1,13_isi,7.4%,
2013/5/1,13_isi,7.5%,
2013/5/1,13_isi,9.3%,
2013/5/1,13_isi,8.2%,
2013/5/1,13_isi,5.9%,
2013/5/1,13_isi,6.7%,
2013/5/1,13_isi,8.3%,
2013/5/1,13_isi,5.0%,
2013/5/1,13_isi,6.3%,
2013/5/1,13_isi,10.8%,
2013/5/1,13_isi,7.9%,
2013/5/8,13_isi,6.9%,
2013/5/8,13_isi,8.6%,
2013/5/8,13_isi,6.9%,
2013/5/8,13_isi,5.4%,
2013/5/8,13_isi,4.2%,
2013/5/8,13_isi,4.8%,
2013/5/8,13_isi,5.1%,
2013/5/8,13_isi,6.9%,
2013/5/8,13_isi,5.7%,
2013/5/8,13_isi,3.2%,
2013/5/8,13_isi,4.2%,
2013/5/8,13_isi,7.1%,
2013/5/8,13_isi,3.9%,
2013/5/8,13_isi,7.0%,
2013/5/8,13_isi,4.8%,
2013/5/8,13_isi,4.1%,
2013/5/8,13_isi,7.3%,
2013/5/8,13_isi,6.4%,
2013/5/8,13_isi,10.7%,
2013/5/8,13_isi,3.1%,
2013/5/8,13_isi,6.9%,
2013/5/8,13_isi,9.5%,
2013/5/8,13_isi,8.9%,
2013/5/8,13_isi,9.4%,
2013/5/8,13_isi,7.5%,
2013/5/8,13_isi,7.6%,
2013/5/8,13_isi,6.8%,
2013/5/8,13_isi,4.8%,
2013/5/8,13_isi,8.1%,
2013/5/8,13_isi,9.8%,
2014/3/25,13_isi,8.4%,
2014/3/25,13_isi,9.5%,
2014/3/25,13_isi,8.7%,
2014/3/25,13_isi,8.4%,
2014/3/25,13_isi,11.3%,
2014/3/25,13_isi,8.0%,
2014/3/25,13_isi,9.7%,
2014/3/25,13_isi,8.2%,
2014/3/25,13_isi,8.2%,
2014/3/25,13_isi,8.7%,
2014/3/25,13_isi,9.5%,
2014/3/25,13_isi,8.9%,
2014/3/25,13_isi,10.0%,
2014/3/25,13_isi,9.1%,
2014/3/25,13_isi,11.3%,
2014/3/25,13_isi,7.8%,
2014/3/25,13_isi,6.2%,
2014/3/25,13_isi,8.1%,
2014/3/25,13_isi,8.6%,
2014/3/25,13_isi,7.7%,
2014/3/25,13_isi,8.5%,
2014/3/25,13_isi,7.5%,
2014/3/25,13_isi,7.7%,
2014/3/25,13_isi,8.0%,
2014/3/25,13_isi,8.1%,
2014/3/25,13_isi,9.4%,
2014/3/25,13_isi,7.6%,
2014/3/25,13_isi,9.1%,
2014/3/25,13_isi,5.9%,
2014/3/25,13_isi,5.3%,
2014/4/2,13_isi,11.0%,
2014/4/2,13_isi,10.5%,
2014/4/2,13_isi,9.2%,
2014/4/2,13_isi,11.6%,
2014/4/2,13_isi,9.4%,
2014/4/2,13_isi,10.1%,
2014/4/2,13_isi,10.6%,
2014/4/2,13_isi,10.5%,
2014/4/2,13_isi,9.3%,
2014/4/2,13_isi,8.5%,
2014/4/2,13_isi,9.7%,
2014/4/2,13_isi,11.3%,
2014/4/2,13_isi,9.7%,
2014/4/2,13_isi,11.4%,
2014/4/2,13_isi,12.0%,
2014/4/2,13_isi,9.4%,
2014/4/2,13_isi,9.9%,
2014/4/2,13_isi,8.9%,
2014/4/2,13_isi,8.5%,
2014/4/2,13_isi,7.8%,
2014/4/2,13_isi,9.6%,
2014/4/2,13_isi,10.3%,
2014/4/2,13_isi,12.0%,
2014/4/2,13_isi,8.7%,
2014/4/2,13_isi,7.6%,
2014/4/2,13_isi,11.2%,
2014/4/2,13_isi,11.3%,
2014/4/2,13_isi,8.2%,
2014/4/2,13_isi,6.6%,
2014/4/2,13_isi,10.6%,
2014/4/8,13_isi,9.1%,
2014/4/8,13_isi,10.0%,
2014/4/8,13_isi,8.4%,
2014/4/8,13_isi,9.4%,
2014/4/8,13_isi,10.0%,
2014/4/8,13_isi,12.9%,
2014/4/8,13_isi,8.2%,
2014/4/8,13_isi,11.4%,
2014/4/8,13_isi,12.5%,
2014/4/8,13_isi,13.1%,
2014/4/8,13_isi,9.7%,
2014/4/8,13_isi,14.0%,
2014/4/8,13_isi,9.1%,
2014/4/8,13_isi,11.2%,
2014/4/8,13_isi,10.0%,
2014/4/8,13_isi,9.2%,
2014/4/8,13_isi,8.8%,
2014/4/8,13_isi,10.1%,
2014/4/8,13_isi,5.7%,
2014/4/8,13_isi,10.0%,
2014/4/8,13_isi,9.3%,
2014/4/8,13_isi,7.8%,
2014/4/8,13_isi,9.2%,
2014/4/8,13_isi,8.6%,
2014/4/8,13_isi,11.5%,
2014/4/8,13_isi,11.7%,
2014/4/8,13_isi,9.2%,
2014/4/8,13_isi,12.1%,
2014/4/8,13_isi,8.3%,
2014/4/8,13_isi,8.8%,
2014/4/15,13_isi,11.7%,
2014/4/15,13_isi,11.6%,
2014/4/15,13_isi,8.9%,
2014/4/15,13_isi,12.2%,
2014/4/15,13_isi,9.7%,
2014/4/15,13_isi,13.0%,
2014/4/15,13_isi,9.5%,
2014/4/15,13_isi,12.5%,
2014/4/15,13_isi,11.0%,
2014/4/15,13_isi,12.0%,
2014/4/15,13_isi,10.8%,
2014/4/15,13_isi,12.0%,
2014/4/15,13_isi,11.1%,
2014/4/15,13_isi,11.3%,
2014/4/15,13_isi,10.6%,
2014/4/15,13_isi,9.2%,
2014/4/15,13_isi,13.1%,
2014/4/15,13_isi,8.7%,
2014/4/15,13_isi,4.8%,
2014/4/15,13_isi,10.4%,
2014/4/15,13_isi,8.4%,
2014/4/15,13_isi,9.3%,
2014/4/15,13_isi,11.4%,
2014/4/15,13_isi,11.4%,
2014/4/15,13_isi,9.3%,
2014/4/15,13_isi,10.5%,
2014/4/15,13_isi,11.6%,
2014/4/15,13_isi,11.2%,
2014/4/15,13_isi,8.8%,
2014/4/15,13_isi,8.0%,
2014/4/21,13_isi,10.3%,
2014/4/21,13_isi,7.8%,
2014/4/21,13_isi,10.5%,
2014/4/21,13_isi,12.5%,
2014/4/21,13_isi,12.1%,
2014/4/21,13_isi,11.0%,
2014/4/21,13_isi,9.3%,
2014/4/21,13_isi,8.2%,
2014/4/21,13_isi,11.6%,
2014/4/21,13_isi,12.4%,
2014/4/21,13_isi,9.2%,
2014/4/21,13_isi,9.2%,
2014/4/21,13_isi,10.7%,
2014/4/21,13_isi,10.0%,
2014/4/21,13_isi,11.5%,
2014/4/21,13_isi,11.1%,
2014/4/21,13_isi,9.3%,
2014/4/21,13_isi,7.1%,
2014/4/21,13_isi,9.3%,
2014/4/21,13_isi,9.5%,
2014/4/21,13_isi,11.6%,
2014/4/21,13_isi,9.7%,
2014/4/21,13_isi,8.9%,
2014/4/21,13_isi,7.9%,
2014/4/21,13_isi,9.5%,
2014/4/21,13_isi,9.0%,
2014/4/21,13_isi,7.6%,
2014/4/21,13_isi,11.1%,
2014/4/21,13_isi,9.4%,
2014/4/21,13_isi,9.7%,
2014/4/30,13_isi,9.1%,
2014/4/30,13_isi,13.1%,
2014/4/30,13_isi,10.0%,
2014/4/30,13_isi,10.1%,
2014/4/30,13_isi,7.9%,
2014/4/30,13_isi,7.0%,
2014/4/30,13_isi,7.7%,
2014/4/30,13_isi,9.7%,
2014/4/30,13_isi,9.5%,
2014/4/30,13_isi,8.0%,
2014/4/30,13_isi,12.0%,
2014/4/30,13_isi,8.8%,
2014/4/30,13_isi,7.1%,
2014/4/30,13_isi,8.6%,
2014/4/30,13_isi,9.1%,
2014/4/30,13_isi,9.1%,
2014/4/30,13_isi,9.1%,
2014/4/30,13_isi,5.9%,
2014/4/30,13_isi,5.5%,
2014/4/30,13_isi,10.3%,
2014/4/30,13_isi,6.1%,
2014/4/30,13_isi,6.4%,
2014/4/30,13_isi,7.4%,
2014/4/30,13_isi,9.0%,
2014/4/30,13_isi,9.0%,
2014/4/30,13_isi,11.1%,
2014/4/30,13_isi,10.1%,
2014/4/30,13_isi,8.7%,
2014/4/30,13_isi,4.8%,
2014/4/30,13_isi,5.2%,
2014/5/8,13_isi,6.1%,
2014/5/8,13_isi,7.6%,
2014/5/8,13_isi,7.7%,
2014/5/8,13_isi,7.5%,
2014/5/8,13_isi,6.5%,
2014/5/8,13_isi,6.1%,
2014/5/8,13_isi,4.6%,
2014/5/8,13_isi,7.1%,
2014/5/8,13_isi,5.8%,
2014/5/8,13_isi,5.2%,
2014/5/8,13_isi,6.5%,
2014/5/8,13_isi,6.3%,
2014/5/8,13_isi,6.8%,
2014/5/8,13_isi,7.1%,
2014/5/8,13_isi,6.4%,
2014/5/8,13_isi,5.1%,
2014/5/8,13_isi,5.1%,
2014/5/8,13_isi,5.7%,
2014/5/8,13_isi,5.0%,
2014/5/8,13_isi,5.8%,
2014/5/8,13_isi,5.5%,
2014/5/8,13_isi,4.3%,
2014/5/8,13_isi,5.0%,
2014/5/8,13_isi,4.3%,
2014/5/8,13_isi,5.4%,
2014/5/8,13_isi,4.6%,
2014/5/8,13_isi,7.1%,
2014/5/8,13_isi,4.7%,
2014/5/8,13_isi,3.7%,
2014/5/8,13_isi,11.1%,
2014/5/14,13_isi,6.1%,
2014/5/14,13_isi,4.1%,
2014/5/14,13_isi,7.8%,
2014/5/14,13_isi,3.0%,
2014/5/14,13_isi,4.0%,
2014/5/14,13_isi,3.8%,
2014/5/14,13_isi,4.3%,
2014/5/14,13_isi,4.7%,
2014/5/14,13_isi,6.4%,
2014/5/14,13_isi,5.3%,
2014/5/14,13_isi,5.1%,
2014/5/14,13_isi,7.0%,
2014/5/14,13_isi,5.3%,
2014/5/14,13_isi,5.5%,
2014/5/14,13_isi,4.3%,
2014/5/14,13_isi,4.6%,
2014/5/14,13_isi,4.1%,
2014/5/14,13_isi,4.7%,
2014/5/14,13_isi,5.0%,
2014/5/14,13_isi,6.4%,
2014/5/14,13_isi,6.5%,
2014/5/14,13_isi,4.0%,
2014/5/14,13_isi,4.4%,
2014/5/14,13_isi,4.7%,
2014/5/14,13_isi,5.3%,
2014/5/14,13_isi,4.5%,
2014/5/14,13_isi,4.5%,
2014/5/14,13_isi,4.5%,
2014/5/14,13_isi,5.2%,
2014/5/14,13_isi,4.9%,
2015/3/21,13_isi,8.7%,
2015/3/21,13_isi,9.1%,
2015/3/21,13_isi,8.8%,
2015/3/21,13_isi,7.5%,
2015/3/21,13_isi,7.0%,
2015/3/21,13_isi,6.7%,
2015/3/21,13_isi,7.5%,
2015/3/21,13_isi,10.7%,
2015/3/21,13_isi,11.5%,
2015/3/21,13_isi,8.8%,
2015/3/21,13_isi,6.7%,
2015/3/21,13_isi,11.0%,
2015/3/21,13_isi,10.4%,
2015/3/21,13_isi,5.9%,
2015/3/21,13_isi,8.7%,
2015/3/21,13_isi,5.1%,
2015/3/21,13_isi,6.8%,
2015/3/21,13_isi,10.7%,
2015/3/21,13_isi,9.1%,
2015/3/21,13_isi,11.3%,
2015/3/21,13_isi,9.1%,
2015/3/21,13_isi,12.9%,
2015/3/21,13_isi,5.4%,
2015/3/21,13_isi,10.9%,
2015/3/21,13_isi,7.3%,
2015/3/21,13_isi,10.7%,
2015/3/21,13_isi,8.4%,
2015/3/21,13_isi,6.7%,
2015/3/21,13_isi,7.0%,
2015/3/21,13_isi,10.8%,
2015/4/9,13_isi,8.0%,
2015/4/9,13_isi,4.3%,
2015/4/9,13_isi,7.7%,
2015/4/9,13_isi,9.1%,
2015/4/9,13_isi,10.6%,
2015/4/9,13_isi,7.7%,
2015/4/9,13_isi,5.2%,
2015/4/9,13_isi,5.7%,
2015/4/9,13_isi,10.1%,
2015/4/9,13_isi,7.7%,
2015/4/9,13_isi,8.8%,
2015/4/9,13_isi,4.2%,
2015/4/9,13_isi,6.0%,
2015/4/9,13_isi,7.5%,
2015/4/9,13_isi,4.6%,
2015/4/9,13_isi,7.8%,
2015/4/9,13_isi,7.9%,
2015/4/9,13_isi,5.7%,
2015/4/9,13_isi,7.0%,
2015/4/9,13_isi,4.3%,
2015/4/9,13_isi,8.6%,
2015/4/9,13_isi,8.0%,
2015/4/9,13_isi,6.4%,
2015/4/9,13_isi,6.0%,
2015/4/9,13_isi,10.1%,
2015/4/9,13_isi,5.8%,
2015/4/9,13_isi,4.5%,
2015/4/9,13_isi,4.4%,
2015/4/9,13_isi,8.4%,
2015/4/9,13_isi,8.7%,
2015/4/14,13_isi,7.3%,
2015/4/14,13_isi,8.4%,
2015/4/14,13_isi,7.3%,
2015/4/14,13_isi,7.7%,
2015/4/14,13_isi,6.0%,
2015/4/14,13_isi,8.0%,
2015/4/14,13_isi,7.2%,
2015/4/14,13_isi,5.3%,
2015/4/14,13_isi,9.6%,
2015/4/14,13_isi,7.5%,
2015/4/14,13_isi,6.9%,
2015/4/14,13_isi,5.9%,
2015/4/14,13_isi,7.6%,
2015/4/14,13_isi,6.6%,
2015/4/14,13_isi,6.3%,
2015/4/14,13_isi,4.2%,
2015/4/14,13_isi,5.9%,
2015/4/14,13_isi,7.3%,
2015/4/14,13_isi,5.6%,
2015/4/14,13_isi,6.7%,
2015/4/14,13_isi,6.0%,
2015/4/14,13_isi,5.0%,
2015/4/14,13_isi,4.2%,
2015/4/14,13_isi,4.9%,
2015/4/14,13_isi,6.9%,
2015/4/14,13_isi,4.8%,
2015/4/14,13_isi,5.8%,
2015/4/14,13_isi,4.8%,
2015/4/14,13_isi,5.6%,
2015/4/14,13_isi,6.1%,
2015/4/20,13_isi,4.9%,
2015/4/20,13_isi,8.4%,
2015/4/20,13_isi,6.2%,
2015/4/20,13_isi,6.7%,
2015/4/20,13_isi,5.4%,
2015/4/20,13_isi,7.4%,
2015/4/20,13_isi,7.2%,
2015/4/20,13_isi,5.7%,
2015/4/20,13_isi,5.1%,
2015/4/20,13_isi,6.7%,
2015/4/20,13_isi,4.3%,
2015/4/20,13_isi,4.0%,
2015/4/20,13_isi,5.6%,
2015/4/20,13_isi,7.2%,
2015/4/20,13_isi,3.8%,
2015/4/20,13_isi,5.9%,
2015/4/20,13_isi,5.8%,
2015/4/20,13_isi,4.9%,
2015/4/20,13_isi,5.9%,
2015/4/20,13_isi,6.0%,
2015/4/20,13_isi,5.3%,
2015/4/20,13_isi,6.1%,
2015/4/20,13_isi,6.2%,
2015/4/20,13_isi,5.9%,
2015/4/20,13_isi,4.3%,
2015/4/20,13_isi,6.5%,
2015/4/20,13_isi,5.8%,
2015/4/20,13_isi,5.5%,
2015/4/20,13_isi,5.4%,
2015/4/20,13_isi,5.6%,
2015/4/28,13_isi,6.1%,
2015/4/28,13_isi,3.0%,
2015/4/28,13_isi,4.1%,
2015/4/28,13_isi,3.9%,
2015/4/28,13_isi,5.4%,
2015/4/28,13_isi,5.9%,
2015/4/28,13_isi,3.9%,
2015/4/28,13_isi,5.1%,
2015/4/28,13_isi,5.7%,
2015/4/28,13_isi,4.6%,
2015/4/28,13_isi,3.4%,
2015/4/28,13_isi,3.3%,
2015/4/28,13_isi,6.3%,
2015/4/28,13_isi,5.0%,
2015/4/28,13_isi,2.8%,
2015/4/28,13_isi,3.6%,
2015/4/28,13_isi,6.2%,
2015/4/28,13_isi,4.2%,
2015/4/28,13_isi,4.8%,
2015/4/28,13_isi,4.1%,
2015/4/28,13_isi,4.9%,
2015/4/28,13_isi,4.3%,
2015/4/28,13_isi,3.3%,
2015/4/28,13_isi,4.0%,
2015/4/28,13_isi,3.9%,
2015/4/28,13_isi,5.1%,
2015/4/28,13_isi,3.7%,
2015/4/28,13_isi,2.1%,
2015/4/28,13_isi,2.6%,
2015/4/28,13_isi,3.1%,
2015/5/15,13_isi,2.0%,
2015/5/15,13_isi,3.1%,
2015/5/15,13_isi,1.8%,
2015/5/15,13_isi,2.6%,
2015/5/15,13_isi,2.2%,
2015/5/15,13_isi,2.5%,
2015/5/15,13_isi,3.3%,
2015/5/15,13_isi,2.6%,
2015/5/15,13_isi,3.0%,
2015/5/15,13_isi,3.1%,
2015/5/15,13_isi,2.2%,
2015/5/15,13_isi,2.1%,
2015/5/15,13_isi,2.4%,
2015/5/15,13_isi,2.1%,
2015/5/15,13_isi,2.8%,
2015/5/15,13_isi,3.1%,
2015/5/15,13_isi,3.2%,
2015/5/15,13_isi,2.4%,
2015/5/15,13_isi,2.9%,
2015/5/15,13_isi,3.0%,
2015/5/15,13_isi,3.0%,
2015/5/15,13_isi,2.2%,
2015/5/15,13_isi,3.3%,
2015/5/15,13_isi,3.1%,
2015/5/15,13_isi,2.9%,
2015/5/15,13_isi,2.5%,
2015/5/15,13_isi,2.6%,
2015/5/15,13_isi,2.5%,
2015/5/15,13_isi,0.6%,
2015/5/15,13_isi,2.4%,
2016/3/8,13_isi,13.3%,
2016/3/8,13_isi,10.3%,
2016/3/8,13_isi,6.2%,
2016/3/8,13_isi,9.2%,
2016/3/8,13_isi,9.2%,
2016/3/8,13_isi,11.0%,
2016/3/8,13_isi,11.5%,
2016/3/8,13_isi,11.8%,
2016/3/8,13_isi,12.5%,
2016/3/8,13_isi,11.0%,
2016/3/8,13_isi,10.0%,
2016/3/8,13_isi,12.7%,
2016/3/8,13_isi,8.6%,
2016/3/8,13_isi,12.0%,
2016/3/8,13_isi,11.1%,
2016/3/8,13_isi,8.6%,
2016/3/8,13_isi,10.8%,
2016/3/8,13_isi,10.5%,
2016/3/8,13_isi,8.6%,
2016/3/8,13_isi,11.8%,
2016/3/8,13_isi,11.1%,
2016/3/8,13_isi,9.1%,
2016/3/8,13_isi,10.6%,
2016/3/8,13_isi,11.1%,
2016/3/8,13_isi,9.8%,
2016/3/8,13_isi,9.1%,
2016/3/8,13_isi,12.4%,
2016/3/8,13_isi,9.9%,
2016/3/8,13_isi,8.8%,
2016/3/8,13_isi,9.3%,
2016/3/16,13_isi,12.2%,
2016/3/16,13_isi,13.6%,
2016/3/16,13_isi,10.7%,
2016/3/16,13_isi,12.1%,
2016/3/16,13_isi,11.6%,
2016/3/16,13_isi,13.6%,
2016/3/16,13_isi,11.9%,
2016/3/16,13_isi,10.4%,
2016/3/16,13_isi,14.5%,
2016/3/16,13_isi,11.5%,
2016/3/16,13_isi,10.8%,
2016/3/16,13_isi,11.2%,
2016/3/16,13_isi,11.7%,
2016/3/16,13_isi,10.7%,
2016/3/29,13_isi,14.3%,
2016/3/29,13_isi,13.9%,
2016/3/29,13_isi,13.4%,
2016/3/29,13_isi,13.3%,
2016/3/29,13_isi,15.2%,
2016/3/29,13_isi,13.0%,
2016/3/29,13_isi,8.9%,
2016/3/29,13_isi,12.6%,
2016/3/29,13_isi,9.9%,
2016/3/29,13_isi,13.2%,
2016/3/29,13_isi,13.6%,
2016/3/29,13_isi,11.9%,
2016/3/29,13_isi,11.0%,
2016/3/29,13_isi,14.8%,
2016/3/29,13_isi,7.9%,
2016/3/29,13_isi,8.1%,
2016/3/29,13_isi,15.7%,
2016/3/29,13_isi,5.9%,
2016/3/29,13_isi,7.9%,
2016/3/29,13_isi,6.3%,
2016/3/29,13_isi,15.2%,
2016/3/29,13_isi,11.2%,
2016/3/29,13_isi,10.1%,
2016/3/29,13_isi,8.0%,
2016/3/29,13_isi,12.3%,
2016/3/29,13_isi,12.3%,
2016/3/29,13_isi,7.5%,
2016/3/29,13_isi,10.8%,
2016/3/29,13_isi,13.2%,
2016/3/29,13_isi,11.3%,
2016/4/5,13_isi,11.9%,
2016/4/5,13_isi,12.7%,
2016/4/5,13_isi,14.2%,
2016/4/5,13_isi,12.3%,
2016/4/5,13_isi,13.2%,
2016/4/5,13_isi,11.3%,
2016/4/5,13_isi,13.3%,
2016/4/5,13_isi,11.4%,
2016/4/5,13_isi,11.2%,
2016/4/5,13_isi,10.5%,
2016/4/5,13_isi,12.3%,
2016/4/5,13_isi,9.2%,
2016/4/5,13_isi,7.7%,
2016/4/5,13_isi,12.0%,
2016/4/5,13_isi,11.8%,
2016/4/5,13_isi,13.9%,
2016/4/5,13_isi,8.9%,
2016/4/5,13_isi,12.4%,
2016/4/5,13_isi,9.7%,
2016/4/5,13_isi,7.5%,
2016/4/5,13_isi,14.1%,
2016/4/5,13_isi,11.8%,
2016/4/5,13_isi,13.4%,
2016/4/5,13_isi,12.5%,
2016/4/5,13_isi,12.3%,
2016/4/5,13_isi,8.4%,
2016/4/5,13_isi,14.4%,
2016/4/5,13_isi,9.4%,
2016/4/5,13_isi,9.6%,
2016/4/5,13_isi,10.4%,
2016/4/11,13_isi,6.6%,
2016/4/11,13_isi,6.1%,
2016/4/11,13_isi,8.7%,
2016/4/11,13_isi,8.9%,
2016/4/11,13_isi,8.1%,
2016/4/11,13_isi,9.7%,
2016/4/11,13_isi,7.3%,
2016/4/11,13_isi,8.7%,
2016/4/11,13_isi,9.4%,
2016/4/11,13_isi,6.1%,
2016/4/11,13_isi,7.0%,
2016/4/11,13_isi,7.8%,
2016/4/11,13_isi,7.6%,
2016/4/11,13_isi,11.8%,
2016/4/11,13_isi,10.0%,
2016/4/11,13_isi,6.4%,
2016/4/11,13_isi,6.9%,
2016/4/11,13_isi,7.4%,
2016/4/11,13_isi,8.2%,
2016/4/11,13_isi,9.5%,
2016/4/11,13_isi,8.1%,
2016/4/11,13_isi,11.8%,
2016/4/11,13_isi,6.7%,
2016/4/11,13_isi,4.6%,
2016/4/11,13_isi,5.5%,
2016/4/11,13_isi,7.1%,
2016/4/11,13_isi,7.7%,
2016/4/11,13_isi,6.2%,
2016/4/11,13_isi,10.9%,
2016/4/11,13_isi,7.5%,
2016/4/19,13_isi,6.0%,
2016/4/19,13_isi,5.5%,
2016/4/19,13_isi,8.8%,
2016/4/19,13_isi,7.5%,
2016/4/19,13_isi,8.8%,
2016/4/19,13_isi,7.5%,
2016/4/19,13_isi,6.3%,
2016/4/19,13_isi,3.5%,
2016/4/19,13_isi,7.7%,
2016/4/19,13_isi,4.8%,
2016/4/19,13_isi,5.3%,
2016/4/19,13_isi,6.6%,
2016/4/19,13_isi,8.6%,
2016/4/19,13_isi,6.1%,
2016/4/19,13_isi,6.6%,
2016/4/19,13_isi,7.6%,
2016/4/19,13_isi,8.1%,
2016/4/19,13_isi,6.0%,
2016/4/19,13_isi,6.1%,
2016/4/19,13_isi,5.9%,
2016/4/19,13_isi,7.9%,
2016/4/19,13_isi,8.3%,
2016/4/19,13_isi,5.4%,
2016/4/19,13_isi,9.0%,
2016/4/19,13_isi,6.0%,
2016/4/19,13_isi,7.9%,
2016/4/19,13_isi,7.8%,
2016/4/19,13_isi,6.1%,
2016/4/19,13_isi,4.6%,
2016/4/19,13_isi,6.8%,
2016/4/26,13_isi,10.0%,
2016/4/26,13_isi,6.4%,
2016/4/26,13_isi,7.3%,
2016/4/26,13_isi,6.8%,
2016/4/26,13_isi,8.8%,
2016/4/26,13_isi,8.1%,
2016/4/26,13_isi,9.6%,
2016/4/26,13_isi,8.5%,
2016/4/26,13_isi,4.8%,
2016/4/26,13_isi,5.2%,
2016/4/26,13_isi,7.1%,
2016/4/26,13_isi,8.0%,
2016/4/26,13_isi,9.1%,
2016/4/26,13_isi,4.1%,
2016/4/26,13_isi,5.4%,
2016/4/26,13_isi,9.2%,
2016/4/26,13_isi,6.5%,
2016/4/26,13_isi,6.3%,
2016/4/26,13_isi,6.6%,
2016/4/26,13_isi,6.4%,
2016/4/26,13_isi,7.5%,
2016/4/26,13_isi,9.4%,
2016/4/26,13_isi,6.9%,
2016/4/26,13_isi,8.1%,
2016/4/26,13_isi,6.6%,
2016/4/26,13_isi,6.4%,
2016/4/26,13_isi,7.0%,
2016/4/26,13_isi,6.5%,
2016/4/26,13_isi,12.4%,
2016/4/26,13_isi,9.4%,
2016/5/10,13_isi,1.7%,
2016/5/10,13_isi,3.3%,
2016/5/10,13_isi,2.8%,
2016/5/10,13_isi,5.8%,
2016/5/10,13_isi,2.8%,
2016/5/10,13_isi,2.5%,
2016/5/10,13_isi,3.4%,
2016/5/10,13_isi,2.4%,
2016/5/10,13_isi,5.1%,
2016/5/10,13_isi,5.2%,
2016/5/10,13_isi,4.1%,
2016/5/10,13_isi,2.2%,
2016/5/10,13_isi,5.2%,
2016/5/10,13_isi,4.1%,
2016/5/10,13_isi,3.1%,
2016/5/10,13_isi,1.2%,
2016/5/10,13_isi,4.6%,
2016/5/10,13_isi,2.9%,
2016/5/10,13_isi,5.0%,
2016/5/10,13_isi,5.3%,
2016/5/10,13_isi,1.6%,
2016/5/10,13_isi,2.4%,
2016/5/10,13_isi,3.9%,
2016/5/10,13_isi,3.0%,
2016/5/10,13_isi,2.9%,
2016/5/10,13_isi,3.0%,
2016/5/10,13_isi,3.4%,
2016/5/10,13_isi,4.4%,
2016/5/10,13_isi,3.5%,
2016/5/10,13_isi,3.6%,
2017/4/3,13_isi,9.0%,
2017/4/3,13_isi,10.9%,
2017/4/3,13_isi,10.9%,
2017/4/3,13_isi,11.0%,
2017/4/3,13_isi,12.5%,
2017/4/3,13_isi,13.8%,
2017/4/3,13_isi,12.5%,
2017/4/3,13_isi,10.9%,
2017/4/3,13_isi,13.2%,
2017/4/3,13_isi,16.4%,
2017/4/3,13_isi,14.2%,
2017/4/3,13_isi,11.2%,
2017/4/3,13_isi,11.8%,
2017/4/3,13_isi,12.3%,
2017/4/3,13_isi,12.4%,
2017/4/3,13_isi,14.0%,
2017/4/3,13_isi,12.0%,
2017/4/3,13_isi,12.1%,
2017/4/3,13_isi,13.2%,
2017/4/3,13_isi,13.5%,
2017/4/3,13_isi,11.4%,
2017/4/3,13_isi,10.4%,
2017/4/3,13_isi,13.9%,
2017/4/3,13_isi,11.5%,
2017/4/3,13_isi,10.7%,
2017/4/3,13_isi,11.8%,
2017/4/3,13_isi,14.5%,
2017/4/3,13_isi,7.8%,
2017/4/3,13_isi,13.0%,
2017/4/3,13_isi,11.4%,
2017/4/11,13_isi,11.2%,
2017/4/11,13_isi,11.6%,
2017/4/11,13_isi,11.9%,
2017/4/11,13_isi,11.7%,
2017/4/11,13_isi,8.9%,
2017/4/11,13_isi,9.6%,
2017/4/11,13_isi,11.1%,
2017/4/11,13_isi,9.3%,
2017/4/11,13_isi,11.3%,
2017/4/11,13_isi,9.9%,
2017/4/11,13_isi,12.9%,
2017/4/11,13_isi,8.5%,
2017/4/11,13_isi,10.2%,
2017/4/11,13_isi,12.0%,
2017/4/11,13_isi,12.1%,
2017/4/11,13_isi,10.7%,
2017/4/11,13_isi,13.7%,
2017/4/11,13_isi,11.8%,
2017/4/11,13_isi,8.4%,
2017/4/11,13_isi,9.5%,
2017/4/11,13_isi,11.2%,
2017/4/11,13_isi,11.6%,
2017/4/11,13_isi,16.4%,
2017/4/11,13_isi,12.4%,
2017/4/11,13_isi,8.8%,
2017/4/11,13_isi,6.4%,
2017/4/11,13_isi,9.2%,
2017/4/11,13_isi,13.5%,
2017/4/11,13_isi,10.3%,
2017/4/11,13_isi,10.7%,
2017/4/17,13_isi,8.9%,
2017/4/17,13_isi,6.4%,
2017/4/17,13_isi,6.4%,
2017/4/17,13_isi,5.1%,
2017/4/17,13_isi,7.7%,
2017/4/17,13_isi,5.5%,
2017/4/17,13_isi,8.6%,
2017/4/17,13_isi,7.1%,
2017/4/17,13_isi,4.8%,
2017/4/17,13_isi,11.2%,
2017/4/17,13_isi,6.2%,
2017/4/17,13_isi,8.9%,
2017/4/17,13_isi,7.0%,
2017/4/17,13_isi,10.7%,
2017/4/17,13_isi,8.4%,
2017/4/17,13_isi,6.7%,
2017/4/17,13_isi,7.0%,
2017/4/17,13_isi,7.9%,
2017/4/17,13_isi,6.9%,
2017/4/17,13_isi,7.6%,
2017/4/17,13_isi,7.0%,
2017/4/17,13_isi,8.1%,
2017/4/17,13_isi,6.4%,
2017/4/17,13_isi,9.3%,
2017/4/17,13_isi,6.2%,
2017/4/17,13_isi,6.2%,
2017/4/17,13_isi,5.7%,
2017/4/17,13_isi,4.0%,
2017/4/17,13_isi,8.2%,
2017/4/17,13_isi,5.9%,
2017/4/24,13_isi,8.4%,
2017/4/24,13_isi,5.8%,
2017/4/24,13_isi,6.1%,
2017/4/24,13_isi,7.6%,
2017/4/24,13_isi,7.4%,
2017/4/24,13_isi,7.5%,
2017/4/24,13_isi,5.3%,
2017/4/24,13_isi,8.1%,
2017/4/24,13_isi,6.7%,
2017/4/24,13_isi,7.0%,
2017/4/24,13_isi,7.3%,
2017/4/24,13_isi,8.0%,
2017/4/24,13_isi,7.8%,
2017/4/24,13_isi,5.7%,
2017/4/24,13_isi,7.1%,
2017/4/24,13_isi,5.4%,
2017/4/24,13_isi,6.4%,
2017/4/24,13_isi,5.6%,
2017/4/24,13_isi,5.5%,
2017/4/24,13_isi,8.0%,
2017/4/24,13_isi,4.0%,
2017/4/24,13_isi,6.7%,
2017/4/24,13_isi,6.7%,
2017/4/24,13_isi,4.7%,
2017/4/24,13_isi,7.1%,
2017/4/24,13_isi,9.2%,
2017/4/24,13_isi,8.6%,
2017/4/24,13_isi,9.5%,
2017/4/24,13_isi,5.9%,
2017/4/24,13_isi,6.1%,
2017/5/2,13_isi,6.2%,
2017/5/2,13_isi,3.4%,
2017/5/2,13_isi,4.3%,
2017/5/2,13_isi,5.0%,
2017/5/2,13_isi,4.7%,
2017/5/2,13_isi,5.3%,
2017/5/2,13_isi,4.0%,
2017/5/2,13_isi,6.3%,
2017/5/2,13_isi,4.5%,
2017/5/2,13_isi,4.0%,
2017/5/2,13_isi,5.7%,
2017/5/2,13_isi,3.5%,
2017/5/2,13_isi,3.7%,
2017/5/2,13_isi,4.6%,
2017/5/2,13_isi,2.4%,
2017/5/2,13_isi,4.1%,
2017/5/2,13_isi,5.1%,
2017/5/2,13_isi,3.5%,
2017/5/2,13_isi,5.3%,
2017/5/2,13_isi,3.2%,
2017/5/2,13_isi,5.0%,
2017/5/2,13_isi,4.8%,
2017/5/2,13_isi,5.3%,
2017/5/2,13_isi,3.4%,
2017/5/2,13_isi,5.5%,
2017/5/2,13_isi,4.0%,
2017/5/2,13_isi,3.9%,
2017/5/2,13_isi,3.8%,
2017/5/2,13_isi,5.0%,
2017/5/2,13_isi,3.7%,
2018/4/2,13_isi,9.9%,
2018/4/2,13_isi,7.6%,
2018/4/2,13_isi,11.4%,
2018/4/2,13_isi,12.6%,
2018/4/2,13_isi,14.9%,
2018/4/2,13_isi,11.4%,
2018/4/2,13_isi,14.8%,
2018/4/2,13_isi,12.3%,
2018/4/2,13_isi,8.1%,
2018/4/2,13_isi,10.7%,
2018/4/2,13_isi,8.4%,
2018/4/2,13_isi,8.0%,
2018/4/2,13_isi,9.6%,
2018/4/2,13_isi,12.6%,
2018/4/2,13_isi,13.0%,
2018/4/2,13_isi,8.1%,
2018/4/2,13_isi,6.9%,
2018/4/2,13_isi,6.4%,
2018/4/2,13_isi,11.6%,
2018/4/2,13_isi,9.7%,
2018/4/2,13_isi,8.0%,
2018/4/2,13_isi,12.0%,
2018/4/2,13_isi,10.8%,
2018/4/2,13_isi,6.0%,
2018/4/2,13_isi,12.0%,
2018/4/2,13_isi,9.4%,
2018/4/2,13_isi,11.0%,
2018/4/2,13_isi,10.7%,
2018/4/2,13_isi,10.5%,
2018/4/2,13_isi,11.4%,
2018/4/10,13_isi,11.1%,
2018/4/10,13_isi,10.7%,
2018/4/10,13_isi,10.5%,
2018/4/10,13_isi,9.6%,
2018/4/10,13_isi,9.9%,
2018/4/10,13_isi,10.3%,
2018/4/10,13_isi,9.2%,
2018/4/10,13_isi,10.1%,
2018/4/10,13_isi,7.8%,
2018/4/10,13_isi,7.7%,
2018/4/10,13_isi,9.3%,
2018/4/10,13_isi,12.8%,
2018/4/10,13_isi,9.3%,
2018/4/10,13_isi,5.4%,
2018/4/10,13_isi,7.8%,
2018/4/10,13_isi,7.7%,
2018/4/10,13_isi,12.3%,
2018/4/10,13_isi,11.0%,
2018/4/10,13_isi,11.9%,
2018/4/10,13_isi,6.7%,
2018/4/10,13_isi,8.4%,
2018/4/10,13_isi,9.0%,
2018/4/10,13_isi,9.3%,
2018/4/10,13_isi,7.2%,
2018/4/10,13_isi,8.7%,
2018/4/10,13_isi,11.5%,
2018/4/10,13_isi,5.8%,
2018/4/10,13_isi,12.5%,
2018/4/10,13_isi,9.3%,
2018/4/10,13_isi,7.4%,
2018/4/17,13_isi,6.4%,
2018/4/17,13_isi,7.0%,
2018/4/17,13_isi,9.0%,
2018/4/17,13_isi,9.3%,
2018/4/17,13_isi,5.7%,
2018/4/17,13_isi,3.6%,
2018/4/17,13_isi,5.9%,
2018/4/17,13_isi,6.1%,
2018/4/17,13_isi,6.9%,
2018/4/17,13_isi,8.5%,
2018/4/17,13_isi,7.8%,
2018/4/17,13_isi,9.5%,
2018/4/17,13_isi,8.6%,
2018/4/17,13_isi,8.2%,
2018/4/17,13_isi,7.6%,
2018/4/17,13_isi,7.1%,
2018/4/17,13_isi,10.1%,
2018/4/17,13_isi,6.8%,
2018/4/17,13_isi,6.7%,
2018/4/17,13_isi,7.4%,
2018/4/17,13_isi,4.9%,
2018/4/17,13_isi,6.5%,
2018/4/17,13_isi,5.9%,
2018/4/17,13_isi,9.3%,
2018/4/17,13_isi,3.4%,
2018/4/17,13_isi,4.8%,
2018/4/17,13_isi,9.2%,
2018/4/17,13_isi,7.4%,
2018/4/17,13_isi,5.5%,
2018/4/17,13_isi,10.7%,
2018/4/24,13_isi,8.8%,
2018/4/24,13_isi,5.2%,
2018/4/24,13_isi,5.1%,
2018/4/24,13_isi,9.1%,
2018/4/24,13_isi,11.6%,
2018/4/24,13_isi,8.9%,
2018/4/24,13_isi,10.6%,
2018/4/24,13_isi,6.4%,
2018/4/24,13_isi,8.8%,
2018/4/24,13_isi,11.0%,
2018/4/24,13_isi,8.9%,
2018/4/24,13_isi,9.1%,
2018/4/24,13_isi,6.9%,
2018/4/24,13_isi,9.1%,
2018/4/24,13_isi,7.8%,
2018/4/24,13_isi,5.8%,
2018/4/24,13_isi,7.4%,
2018/4/24,13_isi,6.5%,
2018/4/24,13_isi,13.5%,
2018/4/24,13_isi,7.4%,
2018/4/24,13_isi,12.3%,
2018/4/24,13_isi,11.9%,
2018/4/24,13_isi,13.1%,
2018/4/24,13_isi,9.3%,
2018/4/24,13_isi,8.9%,
2018/4/24,13_isi,7.4%,
2018/4/24,13_isi,5.9%,
2018/4/24,13_isi,4.5%,
2018/4/24,13_isi,5.3%,
2018/4/24,13_isi,6.5%,
2018/5/2,13_isi,4.9%,
2018/5/2,13_isi,6.6%,
2018/5/2,13_isi,4.9%,
2018/5/2,13_isi,4.9%,
2018/5/2,13_isi,4.8%,
2018/5/2,13_isi,5.5%,
2018/5/2,13_isi,7.4%,
2018/5/2,13_isi,6.7%,
2018/5/2,13_isi,5.0%,
2018/5/2,13_isi,7.6%,
2018/5/2,13_isi,7.8%,
2018/5/2,13_isi,5.8%,
2018/5/2,13_isi,4.1%,
2018/5/2,13_isi,4.8%,
2018/5/2,13_isi,7.6%,
2018/5/2,13_isi,4.9%,
2018/5/2,13_isi,4.0%,
2018/5/2,13_isi,5.7%,
2018/5/2,13_isi,5.1%,
2018/5/2,13_isi,2.8%,
2018/5/2,13_isi,6.7%,
2018/5/2,13_isi,5.9%,
2018/5/2,13_isi,4.7%,
2018/5/2,13_isi,10.9%,
2018/5/2,13_isi,5.6%,
2018/5/2,13_isi,5.5%,
2018/5/2,13_isi,4.7%,
2018/5/2,13_isi,5.3%,
2018/5/2,13_isi,4.0%,
2018/5/2,13_isi,4.9%,
2019/4/2,13_isi,7.6%,
2019/4/2,13_isi,7.0%,
2019/4/2,13_isi,8.3%,
2019/4/2,13_isi,9.1%,
2019/4/2,13_isi,6.1%,
2019/4/2,13_isi,10.2%,
2019/4/2,13_isi,11.0%,
2019/4/2,13_isi,7.9%,
2019/4/2,13_isi,10.8%,
2019/4/2,13_isi,8.3%,
2019/4/2,13_isi,8.1%,
2019/4/2,13_isi,7.2%,
2019/4/2,13_isi,10.9%,
2019/4/2,13_isi,8.4%,
2019/4/2,13_isi,11.0%,
2019/4/2,13_isi,6.6%,
2019/4/2,13_isi,8.5%,
2019/4/2,13_isi,9.8%,
2019/4/2,13_isi,8.3%,
2019/4/2,13_isi,9.7%,
2019/4/2,13_isi,9.7%,
2019/4/2,13_isi,6.4%,
2019/4/2,13_isi,10.7%,
2019/4/2,13_isi,8.0%,
2019/4/2,13_isi,7.7%,
2019/4/2,13_isi,6.6%,
2019/4/2,13_isi,8.1%,
2019/4/2,13_isi,6.5%,
2019/4/2,13_isi,7.0%,
2019/4/2,13_isi,8.4%,
2019/4/2,13_isi,7.9%,
2019/4/2,13_isi,8.8%,
2019/4/2,13_isi,7.1%,
2019/4/2,13_isi,6.1%,
2019/4/2,13_isi,8.6%,
2019/4/2,13_isi,5.7%,
2019/4/2,13_isi,8.5%,
2019/4/2,13_isi,8.9%,
2019/4/2,13_isi,6.9%,
2019/4/2,13_isi,7.1%,
2019/4/2,13_isi,8.2%,
2019/4/2,13_isi,8.3%,
2019/4/2,13_isi,12.3%,
2019/4/2,13_isi,6.1%,
2019/4/2,13_isi,5.0%,
2019/4/2,13_isi,5.9%,
2019/4/2,13_isi,5.1%,
2019/4/2,13_isi,9.2%,
2019/4/2,13_isi,6.6%,
2019/4/10,13_isi,9.3%,
2019/4/10,13_isi,10.2%,
2019/4/10,13_isi,13.6%,
2019/4/10,13_isi,10.7%,
2019/4/10,13_isi,9.4%,
2019/4/10,13_isi,10.3%,
2019/4/10,13_isi,9.8%,
2019/4/10,13_isi,7.4%,
2019/4/10,13_isi,9.9%,
2019/4/10,13_isi,10.3%,
2019/4/10,13_isi,8.5%,
2019/4/10,13_isi,6.8%,
2019/4/10,13_isi,9.8%,
2019/4/10,13_isi,7.2%,
2019/4/10,13_isi,9.9%,
2019/4/10,13_isi,10.2%,
2019/4/10,13_isi,10.2%,
2019/4/10,13_isi,10.1%,
2019/4/10,13_isi,10.7%,
2019/4/10,13_isi,7.2%,
2019/4/10,13_isi,6.9%,
2019/4/10,13_isi,9.5%,
2019/4/10,13_isi,9.2%,
2019/4/10,13_isi,9.5%,
2019/4/10,13_isi,4.6%,
2019/4/10,13_isi,10.3%,
2019/4/10,13_isi,9.3%,
2019/4/10,13_isi,7.2%,
2019/4/10,13_isi,6.9%,
2019/4/10,13_isi,8.2%,
2019/4/10,13_isi,10.8%,
2019/4/10,13_isi,6.2%,
2019/4/10,13_isi,10.3%,
2019/4/10,13_isi,9.2%,
2019/4/10,13_isi,11.1%,
2019/4/10,13_isi,10.5%,
2019/4/10,13_isi,9.5%,
2019/4/10,13_isi,8.6%,
2019/4/10,13_isi,9.8%,
2019/4/10,13_isi,10.4%,
2019/4/10,13_isi,11.2%,
2019/4/10,13_isi,11.7%,
2019/4/10,13_isi,13.6%,
2019/4/10,13_isi,9.5%,
2019/4/10,13_isi,13.7%,
2019/4/10,13_isi,9.0%,
2019/4/17,13_isi,6.0%,
2019/4/17,13_isi,9.2%,
2019/4/17,13_isi,4.3%,
2019/4/17,13_isi,10.7%,
2019/4/17,13_isi,7.5%,
2019/4/17,13_isi,9.2%,
2019/4/17,13_isi,12.2%,
2019/4/17,13_isi,2.7%,
2019/4/17,13_isi,7.6%,
2019/4/17,13_isi,6.8%,
2019/4/17,13_isi,7.5%,
2019/4/17,13_isi,8.9%,
2019/4/17,13_isi,7.2%,
2019/4/17,13_isi,8.9%,
2019/4/17,13_isi,6.0%,
2019/4/17,13_isi,5.0%,
2019/4/17,13_isi,9.5%,
2019/4/17,13_isi,9.4%,
2019/4/17,13_isi,9.7%,
2019/4/17,13_isi,11.8%,
2019/4/17,13_isi,6.1%,
2019/4/17,13_isi,12.0%,
2019/4/17,13_isi,8.2%,
2019/4/17,13_isi,10.3%,
2019/4/17,13_isi,9.7%,
2019/4/17,13_isi,8.8%,
2019/4/17,13_isi,11.4%,
2019/4/17,13_isi,5.7%,
2019/4/17,13_isi,8.3%,
2019/4/17,13_isi,7.7%,
2019/4/17,13_isi,7.6%,
2019/4/17,13_isi,7.8%,
2019/4/17,13_isi,11.9%,
2019/4/17,13_isi,8.0%,
2019/4/17,13_isi,8.3%,
2019/4/17,13_isi,8.7%,
2019/4/17,13_isi,7.5%,
2019/4/17,13_isi,5.2%,
2019/4/17,13_isi,9.2%,
2019/4/17,13_isi,9.8%,
2019/4/17,13_isi,9.1%,
2019/4/17,13_isi,10.9%,
2019/4/17,13_isi,7.0%,
2019/4/17,13_isi,4.2%,
2019/4/17,13_isi,8.6%,
2019/4/17,13_isi,7.4%,
2019/4/17,13_isi,11.5%,
2019/4/17,13_isi,11.2%,
2019/4/17,13_isi,9.3%,
2019/4/17,13_isi,6.5%,
2019/4/23,13_isi,8.2%,
2019/4/23,13_isi,5.0%,
2019/4/23,13_isi,4.9%,
2019/4/23,13_isi,2.5%,
2019/4/23,13_isi,6.8%,
2019/4/23,13_isi,5.3%,
2019/4/23,13_isi,2.9%,
2019/4/23,13_isi,3.6%,
2019/4/23,13_isi,3.8%,
2019/4/23,13_isi,4.5%,
2019/4/23,13_isi,6.2%,
2019/4/23,13_isi,3.3%,
2019/4/23,13_isi,6.3%,
2019/4/23,13_isi,5.4%,
2019/4/23,13_isi,4.0%,
2019/4/23,13_isi,6.1%,
2019/4/23,13_isi,4.6%,
2019/4/23,13_isi,8.3%,
2019/4/23,13_isi,5.3%,
2019/4/23,13_isi,6.0%,
2019/4/23,13_isi,4.1%,
2019/4/23,13_isi,6.3%,
2019/4/23,13_isi,4.9%,
2019/4/23,13_isi,5.3%,
2019/4/23,13_isi,6.2%,
2019/4/23,13_isi,4.7%,
2019/4/23,13_isi,4.1%,
2019/4/23,13_isi,6.3%,
2019/4/23,13_isi,8.3%,
2019/4/23,13_isi,7.8%,
2019/4/23,13_isi,4.7%,
2019/4/23,13_isi,2.1%,
2019/4/23,13_isi,4.2%,
2019/4/23,13_isi,5.6%,
2019/4/23,13_isi,4.2%,
2019/4/23,13_isi,4.9%,
2019/4/23,13_isi,3.1%,
2019/4/23,13_isi,5.2%,
2019/4/23,13_isi,5.5%,
2019/4/23,13_isi,3.9%,
2019/4/23,13_isi,4.3%,
2019/4/23,13_isi,5.3%,
2019/4/23,13_isi,5.8%,
2019/4/23,13_isi,5.2%,
2019/4/23,13_isi,6.9%,
2019/4/23,13_isi,5.7%,
2019/4/23,13_isi,6.2%,
2019/4/23,13_isi,6.2%,
2019/4/23,13_isi,4.6%,
2019/4/23,13_isi,4.4%,
2020/3/30,13_isi,11.6%,
2020/3/30,13_isi,5.2%,
2020/3/30,13_isi,9.8%,
2020/3/30,13_isi,8.6%,
2020/3/30,13_isi,10.1%,
2020/3/30,13_isi,6.1%,
2020/3/30,13_isi,5.6%,
2020/3/30,13_isi,7.9%,
2020/3/30,13_isi,11.8%,
2020/3/30,13_isi,6.0%,
2020/3/30,13_isi,11.3%,
2020/3/30,13_isi,9.6%,
2020/3/30,13_isi,11.0%,
2020/3/30,13_isi,8.4%,
2020/3/30,13_isi,8.1%,
2020/3/30,13_isi,6.1%,
2020/3/30,13_isi,8.8%,
2020/3/30,13_isi,7.9%,
2020/3/30,13_isi,7.9%,
2020/3/30,13_isi,10.4%,
2020/3/30,13_isi,8.9%,
2020/3/30,13_isi,7.9%,
2020/3/30,13_isi,4.9%,
2020/3/30,13_isi,9.4%,
2020/3/30,13_isi,10.7%,
2020/3/30,13_isi,7.8%,
2020/3/30,13_isi,6.0%,
2020/3/30,13_isi,13.9%,
2020/3/30,13_isi,4.6%,
2020/3/30,13_isi,8.2%,
2020/3/30,13_isi,12.3%,
2020/3/30,13_isi,8.4%,
2020/3/30,13_isi,10.3%,
2020/3/30,13_isi,10.4%,
2020/3/30,13_isi,6.9%,
2020/3/30,13_isi,9.3%,
2020/3/30,13_isi,11.0%,
2020/3/30,13_isi,7.8%,
2020/3/30,13_isi,8.9%,
2020/3/30,13_isi,8.9%,
2020/3/30,13_isi,7.7%,
2020/3/30,13_isi,9.3%,
2020/3/30,13_isi,11.5%,
2020/3/30,13_isi,10.5%,
2020/3/30,13_isi,6.1%,
2020/3/30,13_isi,6.8%,
2020/3/30,13_isi,8.3%,
2020/3/30,13_isi,7.1%,
2020/3/30,13_isi,9.8%,
2020/3/30,13_isi,13.5%,
2020/3/30,13_isi,10.8%,
2020/4/8,13_isi,5.3%,
2020/4/8,13_isi,3.8%,
2020/4/8,13_isi,6.3%,
2020/4/8,13_isi,5.4%,
2020/4/8,13_isi,5.0%,
2020/4/8,13_isi,5.6%,
2020/4/8,13_isi,5.7%,
2020/4/8,13_isi,5.6%,
2020/4/8,13_isi,5.0%,
2020/4/8,13_isi,4.8%,
2020/4/8,13_isi,6.3%,
2020/4/8,13_isi,4.1%,
2020/4/8,13_isi,5.8%,
2020/4/8,13_isi,6.2%,
2020/4/8,13_isi,7.4%,
2020/4/8,13_isi,4.4%,
2020/4/8,13_isi,6.7%,
2020/4/8,13_isi,5.3%,
2020/4/8,13_isi,5.1%,
2020/4/8,13_isi,7.1%,
2020/4/8,13_isi,4.8%,
2020/4/8,13_isi,5.5%,
2020/4/8,13_isi,5.2%,
2020/4/8,13_isi,5.3%,
2020/4/8,13_isi,5.0%,
2020/4/8,13_isi,6.3%,
2020/4/8,13_isi,4.1%,
2020/4/8,13_isi,3.7%,
2020/4/8,13_isi,5.2%,
2020/4/8,13_isi,8.3%,
2020/4/8,13_isi,7.6%,
2020/4/8,13_isi,6.9%,
2020/4/8,13_isi,6.1%,
2020/4/8,13_isi,6.9%,
2020/4/8,13_isi,5.0%,
2020/4/8,13_isi,5.3%,
2020/4/8,13_isi,5.3%,
2020/4/8,13_isi,3.9%,
2020/4/8,13_isi,4.4%,
2020/4/8,13_isi,6.7%,
2020/4/8,13_isi,7.0%,
2020/4/8,13_isi,5.7%,
2020/4/8,13_isi,7.2%,
2020/4/8,13_isi,8.4%,
2020/4/8,13_isi,8.9%,
2020/4/8,13_isi,7.2%,
2020/4/8,13_isi,5.3%,
2020/4/8,13_isi,6.0%,
2020/4/8,13_isi,5.7%,
2020/4/10,13_isi,8.4%,
2020/4/10,13_isi,10.4%,
2020/4/10,13_isi,9.5%,
2020/4/10,13_isi,6.5%,
2020/4/10,13_isi,9.4%,
2020/4/10,13_isi,5.2%,
2020/4/10,13_isi,7.9%,
2020/4/10,13_isi,10.9%,
2020/4/10,13_isi,9.8%,
2020/4/10,13_isi,5.7%,
2020/4/10,13_isi,8.3%,
2020/4/10,13_isi,4.0%,
2020/4/10,13_isi,7.0%,
2020/4/10,13_isi,4.4%,
2020/4/10,13_isi,7.4%,
2020/4/10,13_isi,7.0%,
2020/4/10,13_isi,4.8%,
2020/4/10,13_isi,8.8%,
2020/4/10,13_isi,8.6%,
2020/4/10,13_isi,12.2%,
2020/4/10,13_isi,7.4%,
2020/4/10,13_isi,8.6%,
2020/4/10,13_isi,4.6%,
2020/4/10,13_isi,5.6%,
2020/4/10,13_isi,7.6%,
2020/4/10,13_isi,7.2%,
2020/4/10,13_isi,7.7%,
2020/4/10,13_isi,7.9%,
2020/4/10,13_isi,7.0%,
2020/4/10,13_isi,7.1%,
2020/4/10,13_isi,8.2%,
2020/4/10,13_isi,8.7%,
2020/4/10,13_isi,6.7%,
2020/4/10,13_isi,9.5%,
2020/4/10,13_isi,7.3%,
2020/4/10,13_isi,8.4%,
2020/4/10,13_isi,3.2%,
2020/4/10,13_isi,5.2%,
2020/4/10,13_isi,15.6%,
2020/4/10,13_isi,6.5%,
2020/4/10,13_isi,9.7%,
2020/4/14,13_isi,6.6%,
2020/4/14,13_isi,5.2%,
2020/4/14,13_isi,6.6%,
2020/4/14,13_isi,6.0%,
2020/4/14,13_isi,8.3%,
2020/4/14,13_isi,8.3%,
2020/4/14,13_isi,9.0%,
2020/4/14,13_isi,7.7%,
2020/4/14,13_isi,8.7%,
2020/4/14,13_isi,14.2%,
2020/4/14,13_isi,10.3%,
2020/4/14,13_isi,6.7%,
2020/4/14,13_isi,4.9%,
2020/4/14,13_isi,2.5%,
2020/4/14,13_isi,4.5%,
2020/4/14,13_isi,11.3%,
2020/4/14,13_isi,12.1%,
2020/4/14,13_isi,8.1%,
2020/4/14,13_isi,6.2%,
2020/4/14,13_isi,9.1%,
2020/4/14,13_isi,6.3%,
2020/4/14,13_isi,5.8%,
2020/4/14,13_isi,7.3%,
2020/4/14,13_isi,9.1%,
2020/4/14,13_isi,11.6%,
2020/4/14,13_isi,6.9%,
2020/4/14,13_isi,8.1%,
2020/4/14,13_isi,9.0%,
2020/4/14,13_isi,5.8%,
2020/4/14,13_isi,9.2%,
2020/4/14,13_isi,7.7%,
2020/4/14,13_isi,7.2%,
2020/4/14,13_isi,8.6%,
2020/4/14,13_isi,5.0%,
2020/4/14,13_isi,4.3%,
2020/4/14,13_isi,5.2%,
2020/4/14,13_isi,5.9%,
2020/4/14,13_isi,5.5%,
2020/4/14,13_isi,7.5%,
2020/4/14,13_isi,6.0%,
2020/4/14,13_isi,11.3%,
2020/4/14,13_isi,5.7%,
2020/4/14,13_isi,5.9%,
2020/4/14,13_isi,11.6%,
2020/4/21,13_isi,9.7%,
2020/4/21,13_isi,3.6%,
2020/4/21,13_isi,10.6%,
2020/4/21,13_isi,3.9%,
2020/4/21,13_isi,9.8%,
2020/4/21,13_isi,6.8%,
2020/4/21,13_isi,9.6%,
2020/4/21,13_isi,6.5%,
2020/4/21,13_isi,6.0%,
2020/4/21,13_isi,8.0%,
2020/4/21,13_isi,5.0%,
2020/4/21,13_isi,5.2%,
2020/4/21,13_isi,6.0%,
2020/4/21,13_isi,7.5%,
2020/4/21,13_isi,8.1%,
2020/4/21,13_isi,4.9%,
2020/4/21,13_isi,10.9%,
2020/4/21,13_isi,4.5%,
2020/4/21,13_isi,6.4%,
2020/4/21,13_isi,8.2%,
2020/4/21,13_isi,5.2%,
2020/4/21,13_isi,4.2%,
2020/4/21,13_isi,7.0%,
2020/4/21,13_isi,7.6%,
2020/4/21,13_isi,4.5%,
2020/4/21,13_isi,8.8%,
2020/4/21,13_isi,5.4%,
2020/4/21,13_isi,6.3%,
2020/4/21,13_isi,6.8%,
2020/4/21,13_isi,6.3%,
2020/4/21,13_isi,6.4%,
2020/4/21,13_isi,4.5%,
2020/4/21,13_isi,9.5%,
2020/4/21,13_isi,6.7%,
2020/4/21,13_isi,5.7%,
2020/4/21,13_isi,9.8%,
2020/4/21,13_isi,6.8%,
2020/4/21,13_isi,12.6%,
2020/4/21,13_isi,6.7%,
2020/4/21,13_isi,5.6%,
2020/4/21,13_isi,5.6%,
2020/4/21,13_isi,6.2%,
2020/4/21,13_isi,9.7%,
2020/4/21,13_isi,7.4%,
2020/4/21,13_isi,9.4%,
2020/4/27,13_isi,9.9%,
2020/4/27,13_isi,4.5%,
2020/4/27,13_isi,4.3%,
2020/4/27,13_isi,5.1%,
2020/4/27,13_isi,11.2%,
2020/4/27,13_isi,5.5%,
2020/4/27,13_isi,7.5%,
2020/4/27,13_isi,7.1%,
2020/4/27,13_isi,10.5%,
2020/4/27,13_isi,3.5%,
2020/4/27,13_isi,4.5%,
2020/4/27,13_isi,4.1%,
2020/4/27,13_isi,6.5%,
2020/4/27,13_isi,8.0%,
2020/4/27,13_isi,7.7%,
2020/4/27,13_isi,6.8%,
2020/4/27,13_isi,9.0%,
2020/4/27,13_isi,7.6%,
2020/4/27,13_isi,4.7%,
2020/4/27,13_isi,9.2%,
2020/4/27,13_isi,12.2%,
2020/4/27,13_isi,12.6%,
2020/4/27,13_isi,4.3%,
2020/4/27,13_isi,5.2%,
2020/4/27,13_isi,4.3%,
2020/4/27,13_isi,6.9%,
2020/4/27,13_isi,11.4%,
2020/4/27,13_isi,7.8%,
2020/4/27,13_isi,7.1%,
2020/4/27,13_isi,6.8%,
2020/4/27,13_isi,5.3%,
2020/4/27,13_isi,4.5%,
2020/4/27,13_isi,4.0%,
2020/4/27,13_isi,11.7%,
2020/4/27,13_isi,3.6%,
2020/4/27,13_isi,5.7%,
2020/4/27,13_isi,3.6%,
2020/4/27,13_isi,12.4%,
2020/4/27,13_isi,10.2%,
2020/4/27,13_isi,10.3%,
2020/4/27,13_isi,6.2%,
2020/4/27,13_isi,5.4%,
2020/5/7,13_isi,12.8%,
2020/5/7,13_isi,8.1%,
2020/5/7,13_isi,7.4%,
2020/5/7,13_isi,9.6%,
2020/5/7,13_isi,6.8%,
2020/5/7,13_isi,5.5%,
2020/5/7,13_isi,5.8%,
2020/5/7,13_isi,11.1%,
2020/5/7,13_isi,10.0%,
2020/5/7,13_isi,4.9%,
2020/5/7,13_isi,8.5%,
2020/5/7,13_isi,4.5%,
2020/5/7,13_isi,10.3%,
2020/5/7,13_isi,5.5%,
2020/5/7,13_isi,13.6%,
2020/5/7,13_isi,7.2%,
2020/5/7,13_isi,3.7%,
2020/5/7,13_isi,5.5%,
2020/5/7,13_isi,5.1%,
2020/5/7,13_isi,4.0%,
2020/5/7,13_isi,5.6%,
2020/5/7,13_isi,7.5%,
2020/5/7,13_isi,5.2%,
2020/5/7,13_isi,7.4%,
2020/5/7,13_isi,7.3%,
2020/5/7,13_isi,6.6%,
2020/5/7,13_isi,10.8%,
2020/5/7,13_isi,3.6%,
2020/5/7,13_isi,8.9%,
2020/5/7,13_isi,4.9%,
2020/5/7,13_isi,9.8%,
2020/5/7,13_isi,8.7%,
2020/5/7,13_isi,5.5%,
2020/5/7,13_isi,5.2%,
2021/4/1,13_isi,10.8%,
2021/4/1,13_isi,11.1%,
2021/4/1,13_isi,10.2%,
2021/4/1,13_isi,6.8%,
2021/4/1,13_isi,12.0%,
2021/4/1,13_isi,7.7%,
2021/4/1,13_isi,10.9%,
2021/4/1,13_isi,9.0%,
2021/4/1,13_isi,11.3%,
2021/4/1,13_isi,7.9%,
2021/4/1,13_isi,13.4%,
2021/4/1,13_isi,8.4%,
2021/4/1,13_isi,6.8%,
2021/4/1,13_isi,10.7%,
2021/4/1,13_isi,10.1%,
2021/4/1,13_isi,6.8%,
2021/4/1,13_isi,3.6%,
2021/4/1,13_isi,13.6%,
2021/4/1,13_isi,6.7%,
2021/4/1,13_isi,7.7%,
2021/4/1,13_isi,10.4%,
2021/4/1,13_isi,7.2%,
2021/4/1,13_isi,12.3%,
2021/4/1,13_isi,11.0%,
2021/4/1,13_isi,10.3%,
2021/4/1,13_isi,9.8%,
2021/4/1,13_isi,6.9%,
2021/4/1,13_isi,9.4%,
2021/4/1,13_isi,7.0%,
2021/4/1,13_isi,13.1%,
2021/4/1,13_isi,7.5%,
2021/4/1,13_isi,8.1%,
2021/4/1,13_isi,6.6%,
2021/4/1,13_isi,9.7%,
2021/4/1,13_isi,10.3%,
2021/4/1,13_isi,9.1%,
2021/4/1,13_isi,9.3%,
2021/4/1,13_isi,10.7%,
2021/4/1,13_isi,8.1%,
2021/4/1,13_isi,11.4%,
2021/4/1,13_isi,14.0%,
2021/4/1,13_isi,7.9%,
2021/4/1,13_isi,9.1%,
2021/4/1,13_isi,9.3%,
2021/4/1,13_isi,6.0%,
2021/4/1,13_isi,7.0%,
2021/4/9,13_isi,9.9%,
2021/4/9,13_isi,7.2%,
2021/4/9,13_isi,14.7%,
2021/4/9,13_isi,11.3%,
2021/4/9,13_isi,10.9%,
2021/4/9,13_isi,6.1%,
2021/4/9,13_isi,10.0%,
2021/4/9,13_isi,11.2%,
2021/4/9,13_isi,5.9%,
2021/4/9,13_isi,12.8%,
2021/4/9,13_isi,12.6%,
2021/4/9,13_isi,12.8%,
2021/4/9,13_isi,9.4%,
2021/4/9,13_isi,10.9%,
2021/4/9,13_isi,11.0%,
2021/4/9,13_isi,13.0%,
2021/4/9,13_isi,11.0%,
2021/4/9,13_isi,9.0%,
2021/4/9,13_isi,10.3%,
2021/4/9,13_isi,11.4%,
2021/4/9,13_isi,11.9%,
2021/4/9,13_isi,9.9%,
2021/4/9,13_isi,9.6%,
2021/4/9,13_isi,8.1%,
2021/4/9,13_isi,10.1%,
2021/4/9,13_isi,10.9%,
2021/4/9,13_isi,11.3%,
2021/4/9,13_isi,13.3%,
2021/4/9,13_isi,9.3%,
2021/4/9,13_isi,9.5%,
2021/4/9,13_isi,11.9%,
2021/4/9,13_isi,8.7%,
2021/4/9,13_isi,7.5%,
2021/4/9,13_isi,9.0%,
2021/4/9,13_isi,8.6%,
2021/4/9,13_isi,10.0%,
2021/4/9,13_isi,10.2%,
2021/4/9,13_isi,9.4%,
2021/4/9,13_isi,9.8%,
2021/4/9,13_isi,12.8%,
2021/4/9,13_isi,9.0%,
2021/4/9,13_isi,11.5%,
2021/4/9,13_isi,11.3%,
2021/4/16,13_isi,9.0%,
2021/4/16,13_isi,8.2%,
2021/4/16,13_isi,7.4%,
2021/4/16,13_isi,12.2%,
2021/4/16,13_isi,10.7%,
2021/4/16,13_isi,10.5%,
2021/4/16,13_isi,9.4%,
2021/4/16,13_isi,11.6%,
2021/4/16,13_isi,8.8%,
2021/4/16,13_isi,10.8%,
2021/4/16,13_isi,8.3%,
2021/4/16,13_isi,11.8%,
2021/4/16,13_isi,11.4%,
2021/4/16,13_isi,11.4%,
2021/4/16,13_isi,9.3%,
2021/4/16,13_isi,8.2%,
2021/4/16,13_isi,7.0%,
2021/4/16,13_isi,12.5%,
2021/4/16,13_isi,4.0%,
2021/4/16,13_isi,12.1%,
2021/4/16,13_isi,7.4%,
2021/4/16,13_isi,9.8%,
2021/4/16,13_isi,9.2%,
2021/4/16,13_isi,6.0%,
2021/4/16,13_isi,11.1%,
2021/4/16,13_isi,10.6%,
2021/4/16,13_isi,13.3%,
2021/4/16,13_isi,7.4%,
2021/4/16,13_isi,8.1%,
2021/4/16,13_isi,9.4%,
2021/4/16,13_isi,10.0%,
2021/4/16,13_isi,7.2%,
2021/4/16,13_isi,3.7%,
2021/4/16,13_isi,7.5%,
2021/4/16,13_isi,11.5%,
2021/4/16,13_isi,8.7%,
2021/4/16,13_isi,10.7%,
2021/4/16,13_isi,9.2%,
2021/4/16,13_isi,11.3%,
2021/4/16,13_isi,11.9%,
2021/4/16,13_isi,14.2%,
2021/4/16,13_isi,10.3%,
2021/4/16,13_isi,11.0%,
2021/4/16,13_isi,10.0%,
2021/4/16,13_isi,8.0%,
2021/4/16,13_isi,11.1%,
2021/4/16,13_isi,8.9%,
2021/4/16,13_isi,11.8%,
2021/4/20,13_isi,6.7%,
2021/4/20,13_isi,6.5%,
2021/4/20,13_isi,5.2%,
2021/4/20,13_isi,8.6%,
2021/4/20,13_isi,6.2%,
2021/4/20,13_isi,7.4%,
2021/4/20,13_isi,8.1%,
2021/4/20,13_isi,9.7%,
2021/4/20,13_isi,6.4%,
2021/4/20,13_isi,6.4%,
2021/4/20,13_isi,5.7%,
2021/4/20,13_isi,5.9%,
2021/4/20,13_isi,7.2%,
2021/4/20,13_isi,4.7%,
2021/4/20,13_isi,8.6%,
2021/4/20,13_isi,8.2%,
2021/4/20,13_isi,8.5%,
2021/4/20,13_isi,7.2%,
2021/4/20,13_isi,7.3%,
2021/4/20,13_isi,8.3%,
2021/4/20,13_isi,7.6%,
2021/4/20,13_isi,5.8%,
2021/4/20,13_isi,4.9%,
2021/4/20,13_isi,8.0%,
2021/4/20,13_isi,5.2%,
2021/4/20,13_isi,6.2%,
2021/4/20,13_isi,6.9%,
2021/4/20,13_isi,8.1%,
2021/4/20,13_isi,6.3%,
2021/4/20,13_isi,5.7%,
2021/4/20,13_isi,7.8%,
2021/4/20,13_isi,7.7%,
2021/4/20,13_isi,9.2%,
2021/4/20,13_isi,3.9%,
2021/4/20,13_isi,6.6%,
2021/4/20,13_isi,5.9%,
2021/4/20,13_isi,6.5%,
2021/4/20,13_isi,7.2%,
2021/4/20,13_isi,5.9%,
2021/4/20,13_isi,6.6%,
2021/4/20,13_isi,8.0%,
2021/4/20,13_isi,6.1%,
2021/4/20,13_isi,8.3%,
2021/4/20,13_isi,8.5%,
2021/4/20,13_isi,6.8%,
2021/4/20,13_isi,5.0%,
2021/4/20,13_isi,7.6%,
2021/4/20,13_isi,6.4%,
2021/4/28,13_isi,6.8%,
2021/4/28,13_isi,8.9%,
2021/4/28,13_isi,4.6%,
2021/4/28,13_isi,6.5%,
2021/4/28,13_isi,7.2%,
2021/4/28,13_isi,5.5%,
2021/4/28,13_isi,4.4%,
2021/4/28,13_isi,5.2%,
2021/4/28,13_isi,4.8%,
2021/4/28,13_isi,6.3%,
2021/4/28,13_isi,6.0%,
2021/4/28,13_isi,5.9%,
2021/4/28,13_isi,4.6%,
2021/4/28,13_isi,7.0%,
2021/4/28,13_isi,6.9%,
2021/4/28,13_isi,7.4%,
2021/4/28,13_isi,5.2%,
2021/4/28,13_isi,4.9%,
2021/4/28,13_isi,6.8%,
2021/4/28,13_isi,5.9%,
2021/4/28,13_isi,5.4%,
2021/4/28,13_isi,6.3%,
2021/4/28,13_isi,4.8%,
2021/4/28,13_isi,6.3%,
2021/4/28,13_isi,4.9%,
2021/4/28,13_isi,9.5%,
2021/4/28,13_isi,4.7%,
2021/4/28,13_isi,4.9%,
2021/4/28,13_isi,4.8%,
2021/4/28,13_isi,6.3%,
2021/4/28,13_isi,4.5%,
2021/4/28,13_isi,4.1%,
2021/4/28,13_isi,7.0%,
2021/4/28,13_isi,4.9%,
2021/4/28,13_isi,6.2%,
2021/4/28,13_isi,3.7%,
2021/4/28,13_isi,3.5%,
2021/4/28,13_isi,6.1%,
2021/4/28,13_isi,5.8%,
2021/4/28,13_isi,4.1%,
2021/4/28,13_isi,6.6%,
2021/4/28,13_isi,6.8%,
2022/4/5,13_isi,6.5%,
2022/4/5,13_isi,10.7%,
2022/4/5,13_isi,10.5%,
2022/4/5,13_isi,6.1%,
2022/4/5,13_isi,9.7%,
2022/4/5,13_isi,10.4%,
2022/4/5,13_isi,8.5%,
2022/4/5,13_isi,9.5%,
2022/4/5,13_isi,5.1%,
2022/4/5,13_isi,12.1%,
2022/4/5,13_isi,7.2%,
2022/4/5,13_isi,10.1%,
2022/4/5,13_isi,4.1%,
2022/4/5,13_isi,9.8%,
2022/4/5,13_isi,8.7%,
2022/4/5,13_isi,9.9%,
2022/4/5,13_isi,6.3%,
2022/4/5,13_isi,8.9%,
2022/4/5,13_isi,11.6%,
2022/4/5,13_isi,12.0%,
2022/4/5,13_isi,6.4%,
2022/4/5,13_isi,9.3%,
2022/4/5,13_isi,10.9%,
2022/4/5,13_isi,6.0%,
2022/4/5,13_isi,7.1%,
2022/4/5,13_isi,9.9%,
2022/4/5,13_isi,9.3%,
2022/4/5,13_isi,10.6%,
2022/4/5,13_isi,6.8%,
2022/4/5,13_isi,11.2%,
2022/4/5,13_isi,10.8%,
2022/4/5,13_isi,11.2%,
2022/4/5,13_isi,9.6%,
2022/4/5,13_isi,8.6%,
2022/4/5,13_isi,10.6%,
2022/4/5,13_isi,12.0%,
2022/4/5,13_isi,7.8%,
2022/4/5,13_isi,5.9%,
2022/4/5,13_isi,8.8%,
2022/4/5,13_isi,5.2%,
2022/4/5,13_isi,5.5%,
2022/4/5,13_isi,8.3%,
2022/4/5,13_isi,11.6%,
2022/4/5,13_isi,7.2%,
2022/4/5,13_isi,12.2%,
2022/4/5,13_isi,9.9%,
2022/4/5,13_isi,12.0%,
2022/4/5,13_isi,11.0%,
2022/4/5,13_isi,10.1%,
2022/4/5,13_isi,6.8%,
2022/4/12,13_isi,8.9%,
2022/4/12,13_isi,8.1%,
2022/4/12,13_isi,8.6%,
2022/4/12,13_isi,7.1%,
2022/4/12,13_isi,13.3%,
2022/4/12,13_isi,8.8%,
2022/4/12,13_isi,7.8%,
2022/4/12,13_isi,6.8%,
2022/4/12,13_isi,10.9%,
2022/4/12,13_isi,12.7%,
2022/4/12,13_isi,11.2%,
2022/4/12,13_isi,9.6%,
2022/4/12,13_isi,14.1%,
2022/4/12,13_isi,12.7%,
2022/4/12,13_isi,13.3%,
2022/4/12,13_isi,5.5%,
2022/4/12,13_isi,8.8%,
2022/4/12,13_isi,8.8%,
2022/4/12,13_isi,9.6%,
2022/4/12,13_isi,7.3%,
2022/4/12,13_isi,12.1%,
2022/4/12,13_isi,7.8%,
2022/4/12,13_isi,13.2%,
2022/4/12,13_isi,9.2%,
2022/4/12,13_isi,11.2%,
2022/4/12,13_isi,12.8%,
2022/4/12,13_isi,5.5%,
2022/4/12,13_isi,6.3%,
2022/4/12,13_isi,11.4%,
2022/4/12,13_isi,7.4%,
2022/4/12,13_isi,10.5%,
2022/4/12,13_isi,8.9%,
2022/4/12,13_isi,13.3%,
2022/4/12,13_isi,13.7%,
2022/4/12,13_isi,15.1%,
2022/4/12,13_isi,6.3%,
2022/4/12,13_isi,7.7%,
2022/4/12,13_isi,9.1%,
2022/4/12,13_isi,7.1%,
2022/4/12,13_isi,6.8%,
2022/4/12,13_isi,11.1%,
2022/4/12,13_isi,8.1%,
2022/4/12,13_isi,9.8%,
2022/4/12,13_isi,14.2%,
2022/4/12,13_isi,7.7%,
2022/4/12,13_isi,7.4%,
2022/4/12,13_isi,10.0%,
2022/4/12,13_isi,11.2%,
2022/4/12,13_isi,7.5%,
2022/4/12,13_isi,12.1%,
2022/4/19,13_isi,10.0%,
2022/4/19,13_isi,8.0%,
2022/4/19,13_isi,10.9%,
2022/4/19,13_isi,9.3%,
2022/4/19,13_isi,9.8%,
2022/4/19,13_isi,9.2%,
2022/4/19,13_isi,10.3%,
2022/4/19,13_isi,7.5%,
2022/4/19,13_isi,10.2%,
2022/4/19,13_isi,6.8%,
2022/4/19,13_isi,10.9%,
2022/4/19,13_isi,10.0%,
2022/4/19,13_isi,8.1%,
2022/4/19,13_isi,11.0%,
2022/4/19,13_isi,8.9%,
2022/4/19,13_isi,15.3%,
2022/4/19,13_isi,14.2%,
2022/4/19,13_isi,8.2%,
2022/4/19,13_isi,12.7%,
2022/4/19,13_isi,11.3%,
2022/4/19,13_isi,11.2%,
2022/4/19,13_isi,5.8%,
2022/4/19,13_isi,12.0%,
2022/4/19,13_isi,7.5%,
2022/4/19,13_isi,8.7%,
2022/4/19,13_isi,7.9%,
2022/4/19,13_isi,10.0%,
2022/4/19,13_isi,10.4%,
2022/4/19,13_isi,6.9%,
2022/4/19,13_isi,9.3%,
2022/4/19,13_isi,10.1%,
2022/4/19,13_isi,11.9%,
2022/4/19,13_isi,6.8%,
2022/4/19,13_isi,11.2%,
2022/4/19,13_isi,8.0%,
2022/4/19,13_isi,9.8%,
2022/4/19,13_isi,11.1%,
2022/4/19,13_isi,11.9%,
2022/4/19,13_isi,9.4%,
2022/4/19,13_isi,12.4%,
2022/4/19,13_isi,8.8%,
2022/4/19,13_isi,6.4%,
2022/4/19,13_isi,10.6%,
2022/4/19,13_isi,12.3%,
2022/4/19,13_isi,6.3%,
2022/4/19,13_isi,11.7%,
2022/4/19,13_isi,8.7%,
2022/4/19,13_isi,11.0%,
2022/4/19,13_isi,13.2%,
2022/4/19,13_isi,6.1%,
2022/4/26,13_isi,5.9%,
2022/4/26,13_isi,6.3%,
2022/4/26,13_isi,4.6%,
2022/4/26,13_isi,2.9%,
2022/4/26,13_isi,9.6%,
2022/4/26,13_isi,4.5%,
2022/4/26,13_isi,7.0%,
2022/4/26,13_isi,6.4%,
2022/4/26,13_isi,5.4%,
2022/4/26,13_isi,5.4%,
2022/4/26,13_isi,4.3%,
2022/4/26,13_isi,4.5%,
2022/4/26,13_isi,9.0%,
2022/4/26,13_isi,6.3%,
2022/4/26,13_isi,5.9%,
2022/4/26,13_isi,11.2%,
2022/4/26,13_isi,6.1%,
2022/4/26,13_isi,14.0%,
2022/4/26,13_isi,7.0%,
2022/4/26,13_isi,4.6%,
2022/4/26,13_isi,6.6%,
2022/4/26,13_isi,6.1%,
2022/4/26,13_isi,6.5%,
2022/4/26,13_isi,6.2%,
2022/4/26,13_isi,8.2%,
2022/4/26,13_isi,8.1%,
2022/4/26,13_isi,7.0%,
2022/4/26,13_isi,4.2%,
2022/4/26,13_isi,5.3%,
2022/4/26,13_isi,4.2%,
2022/4/26,13_isi,5.5%,
2022/4/26,13_isi,5.4%,
2022/4/26,13_isi,4.1%,
2022/4/26,13_isi,7.3%,
2022/4/26,13_isi,4.7%,
2022/4/26,13_isi,5.9%,
2022/4/26,13_isi,10.9%,
2022/4/26,13_isi,5.8%,
2022/4/26,13_isi,5.5%,
2022/4/26,13_isi,5.4%,
2022/4/26,13_isi,12.2%,
2022/4/26,13_isi,6.6%,
2022/4/26,13_isi,6.1%,
2022/4/26,13_isi,5.5%,
2022/4/26,13_isi,5.0%,
2022/4/26,13_isi,6.8%,
2022/4/26,13_isi,10.5%,
2022/4/26,13_isi,5.2%,
2022/4/26,13_isi,4.2%,
2022/4/26,13_isi,10.0%,
2023/4/4,13_isi,8.5%,
2023/4/4,13_isi,9.7%,
2023/4/4,13_isi,4.0%,
2023/4/4,13_isi,10.7%,
2023/4/4,13_isi,9.3%,
2023/4/4,13_isi,9.7%,
2023/4/4,13_isi,7.3%,
2023/4/4,13_isi,9.7%,
2023/4/4,13_isi,8.0%,
2023/4/4,13_isi,7.7%,
2023/4/4,13_isi,8.8%,
2023/4/4,13_isi,9.2%,
2023/4/4,13_isi,12.4%,
2023/4/4,13_isi,7.3%,
2023/4/4,13_isi,7.2%,
2023/4/4,13_isi,8.8%,
2023/4/4,13_isi,10.9%,
2023/4/4,13_isi,11.9%,
2023/4/4,13_isi,7.7%,
2023/4/4,13_isi,5.0%,
2023/4/4,13_isi,10.2%,
2023/4/4,13_isi,8.7%,
2023/4/4,13_isi,12.5%,
2023/4/4,13_isi,10.2%,
2023/4/4,13_isi,10.3%,
2023/4/4,13_isi,10.0%,
2023/4/4,13_isi,6.8%,
2023/4/4,13_isi,8.7%,
2023/4/4,13_isi,6.3%,
2023/4/4,13_isi,6.1%,
2023/4/4,13_isi,10.2%,
2023/4/4,13_isi,7.9%,
2023/4/4,13_isi,8.5%,
2023/4/4,13_isi,10.6%,
2023/4/4,13_isi,9.9%,
2023/4/4,13_isi,9.4%,
2023/4/4,13_isi,10.2%,
2023/4/4,13_isi,9.3%,
2023/4/4,13_isi,10.1%,
2023/4/4,13_isi,11.6%,
2023/4/4,13_isi,7.5%,
2023/4/4,13_isi,13.4%,
2023/4/4,13_isi,9.8%,
2023/4/4,13_isi,9.3%,
2023/4/4,13_isi,6.8%,
2023/4/4,13_isi,8.5%,
2023/4/4,13_isi,8.3%,
2023/4/4,13_isi,6.3%,
2023/4/4,13_isi,11.0%,
2023/4/4,13_isi,10.4%,
2023/4/11,13_isi,5.3%,
2023/4/11,13_isi,4.7%,
2023/4/11,13_isi,5.7%,
2023/4/11,13_isi,5.9%,
2023/4/11,13_isi,6.0%,
2023/4/11,13_isi,4.2%,
2023/4/11,13_isi,6.1%,
2023/4/11,13_isi,7.3%,
2023/4/11,13_isi,5.9%,
2023/4/11,13_isi,5.6%,
2023/4/11,13_isi,3.0%,
2023/4/11,13_isi,4.2%,
2023/4/11,13_isi,7.3%,
2023/4/11,13_isi,4.9%,
2023/4/11,13_isi,4.2%,
2023/4/11,13_isi,6.1%,
2023/4/11,13_isi,7.1%,
2023/4/11,13_isi,4.7%,
2023/4/11,13_isi,5.3%,
2023/4/11,13_isi,9.4%,
2023/4/11,13_isi,5.1%,
2023/4/11,13_isi,5.4%,
2023/4/11,13_isi,6.5%,
2023/4/11,13_isi,4.6%,
2023/4/11,13_isi,3.4%,
2023/4/11,13_isi,6.6%,
2023/4/11,13_isi,4.1%,
2023/4/11,13_isi,6.3%,
2023/4/11,13_isi,5.9%,
2023/4/11,13_isi,7.5%,
2023/4/11,13_isi,4.3%,
2023/4/11,13_isi,6.2%,
2023/4/11,13_isi,7.8%,
2023/4/11,13_isi,5.2%,
2023/4/11,13_isi,7.5%,
2023/4/11,13_isi,5.7%,
2023/4/11,13_isi,5.5%,
2023/4/11,13_isi,7.6%,
2023/4/11,13_isi,10.9%,
2023/4/11,13_isi,6.3%,
2023/4/11,13_isi,6.3%,
2023/4/11,13_isi,5.8%,
2023/4/11,13_isi,8.7%,
2023/4/11,13_isi,6.7%,
2023/4/11,13_isi,8.7%,
2023/4/11,13_isi,5.5%,
2023/4/11,13_isi,3.8%,
2023/4/11,13_isi,4.4%,
2023/4/11,13_isi,4.0%,
2023/4/11,13_isi,4.1%,
2023/4/19,13_isi,4.8%,
2023/4/19,13_isi,6.8%,
2023/4/19,13_isi,6.7%,
2023/4/19,13_isi,4.0%,
2023/4/19,13_isi,6.1%,
2023/4/19,13_isi,7.1%,
2023/4/19,13_isi,4.8%,
2023/4/19,13_isi,6.0%,
2023/4/19,13_isi,7.1%,
2023/4/19,13_isi,5.8%,
2023/4/19,13_isi,6.5%,
2023/4/19,13_isi,5.9%,
2023/4/19,13_isi,4.6%,
2023/4/19,13_isi,6.3%,
2023/4/19,13_isi,6.1%,
2023/4/19,13_isi,5.4%,
2023/4/19,13_isi,5.8%,
2023/4/19,13_isi,5.5%,
2023/4/19,13_isi,4.2%,
2023/4/19,13_isi,4.4%,
2023/4/19,13_isi,4.9%,
2023/4/19,13_isi,4.1%,
2023/4/19,13_isi,4.2%,
2023/4/19,13_isi,5.8%,
2023/4/19,13_isi,4.7%,
2023/4/19,13_isi,5.6%,
2023/4/19,13_isi,4.5%,
2023/4/19,13_isi,6.5%,
2023/4/19,13_isi,4.6%,
2023/4/19,13_isi,7.0%,
2023/4/19,13_isi,6.0%,
2023/4/19,13_isi,4.4%,
2023/4/19,13_isi,4.4%,
2023/4/19,13_isi,5.6%,
2023/4/19,13_isi,6.2%,
2023/4/19,13_isi,4.3%,
2023/4/19,13_isi,3.7%,
2023/4/19,13_isi,6.3%,
2023/4/19,13_isi,3.6%,
2023/4/19,13_isi,3.9%,
2023/4/19,13_isi,2.5%,
2023/4/19,13_isi,6.8%,
2023/4/19,13_isi,4.7%,
2023/4/19,13_isi,5.5%,
2023/4/19,13_isi,5.4%,
2023/4/19,13_isi,6.8%,
2023/4/19,13_isi,5.1%,
2023/4/19,13_isi,3.3%,
2023/4/19,13_isi,4.6%,
2023/4/19,13_isi,6.1%,
2024/4/3,13_isi,8.1%,
2024/4/3,13_isi,10.9%,
2024/4/3,13_isi,8.2%,
2024/4/3,13_isi,11.8%,
2024/4/3,13_isi,7.1%,
2024/4/3,13_isi,11.7%,
2024/4/3,13_isi,10.1%,
2024/4/3,13_isi,9.1%,
2024/4/3,13_isi,10.5%,
2024/4/3,13_isi,6.9%,
2024/4/3,13_isi,6.7%,
2024/4/3,13_isi,8.3%,
2024/4/3,13_isi,6.9%,
2024/4/3,13_isi,8.8%,
2024/4/3,13_isi,8.1%,
2024/4/3,13_isi,11.8%,
2024/4/3,13_isi,10.0%,
2024/4/3,13_isi,8.7%,
2024/4/3,13_isi,10.1%,
2024/4/3,13_isi,10.7%,
2024/4/3,13_isi,10.6%,
2024/4/3,13_isi,12.8%,
2024/4/3,13_isi,11.4%,
2024/4/3,13_isi,9.0%,
2024/4/3,13_isi,9.3%,
2024/4/3,13_isi,9.2%,
2024/4/3,13_isi,9.2%,
2024/4/3,13_isi,11.8%,
2024/4/3,13_isi,9.5%,
2024/4/3,13_isi,11.2%,
2024/4/3,13_isi,11.6%,
2024/4/3,13_isi,8.4%,
2024/4/3,13_isi,7.5%,
2024/4/3,13_isi,7.9%,
2024/4/3,13_isi,9.4%,
2024/4/3,13_isi,7.7%,
2024/4/3,13_isi,9.9%,
2024/4/3,13_isi,9.0%,
2024/4/3,13_isi,9.1%,
2024/4/3,13_isi,11.2%,
2024/4/3,13_isi,8.8%,
2024/4/3,13_isi,8.5%,
2024/4/3,13_isi,10.0%,
2024/4/3,13_isi,12.8%,
2024/4/3,13_isi,11.5%,
2024/4/3,13_isi,9.1%,
2024/4/3,13_isi,10.8%,
2024/4/3,13_isi,8.6%,
2024/4/3,13_isi,9.0%,
2024/4/3,13_isi,6.0%,
2024/4/11,13_isi,11.6%,
2024/4/11,13_isi,14.1%,
2024/4/11,13_isi,13.0%,
2024/4/11,13_isi,11.3%,
2024/4/11,13_isi,9.5%,
2024/4/11,13_isi,10.7%,
2024/4/11,13_isi,12.1%,
2024/4/11,13_isi,10.1%,
2024/4/11,13_isi,10.3%,
2024/4/11,13_isi,6.2%,
2024/4/11,13_isi,9.1%,
2024/4/11,13_isi,13.4%,
2024/4/11,13_isi,11.4%,
2024/4/11,13_isi,9.8%,
2024/4/11,13_isi,12.7%,
2024/4/11,13_isi,6.3%,
2024/4/11,13_isi,11.0%,
2024/4/11,13_isi,8.2%,
2024/4/11,13_isi,12.4%,
2024/4/11,13_isi,8.2%,
2024/4/11,13_isi,8.6%,
2024/4/11,13_isi,13.0%,
2024/4/11,13_isi,12.9%,
2024/4/11,13_isi,11.6%,
2024/4/11,13_isi,10.1%,
2024/4/11,13_isi,10.8%,
2024/4/11,13_isi,12.6%,
2024/4/11,13_isi,5.4%,
2024/4/11,13_isi,9.5%,
2024/4/11,13_isi,5.5%,
2024/4/11,13_isi,12.6%,
2024/4/11,13_isi,11.3%,
2024/4/11,13_isi,13.4%,
2024/4/11,13_isi,12.3%,
2024/4/11,13_isi,9.4%,
2024/4/11,13_isi,9.4%,
2024/4/11,13_isi,14.1%,
2024/4/11,13_isi,9.2%,
2024/4/11,13_isi,13.3%,
2024/4/11,13_isi,14.3%,
2024/4/11,13_isi,11.5%,
2024/4/11,13_isi,11.5%,
2024/4/11,13_isi,7.1%,
2024/4/11,13_isi,12.0%,
2024/4/11,13_isi,6.5%,
2024/4/11,13_isi,12.8%,
2024/4/11,13_isi,14.0%,
2024/4/11,13_isi,8.4%,
2024/4/11,13_isi,11.4%,
2024/4/17,13_isi,5.0%,
2024/4/17,13_isi,6.0%,
2024/4/17,13_isi,3.1%,
2024/4/17,13_isi,4.4%,
2024/4/17,13_isi,4.8%,
2024/4/17,13_isi,6.4%,
2024/4/17,13_isi,6.8%,
2024/4/17,13_isi,6.7%,
2024/4/17,13_isi,7.0%,
2024/4/17,13_isi,10.4%,
2024/4/17,13_isi,4.9%,
2024/4/17,13_isi,5.2%,
2024/4/17,13_isi,5.8%,
2024/4/17,13_isi,8.1%,
2024/4/17,13_isi,3.8%,
2024/4/17,13_isi,5.2%,
2024/4/17,13_isi,6.1%,
2024/4/17,13_isi,4.6%,
2024/4/17,13_isi,3.6%,
2024/4/17,13_isi,5.8%,
2024/4/17,13_isi,5.3%,
2024/4/17,13_isi,5.3%,
2024/4/17,13_isi,7.9%,
2024/4/17,13_isi,6.6%,
2024/4/17,13_isi,6.3%,
2024/4/17,13_isi,5.8%,
2024/4/17,13_isi,5.9%,
2024/4/17,13_isi,8.1%,
2024/4/17,13_isi,6.7%,
2024/4/17,13_isi,5.9%,
2024/4/17,13_isi,6.1%,
2024/4/17,13_isi,6.5%,
2024/4/17,13_isi,12.8%,
2024/4/17,13_isi,10.3%,
2024/4/17,13_isi,4.1%,
2024/4/17,13_isi,9.2%,
2024/4/17,13_isi,3.6%,
2024/4/17,13_isi,4.9%,
2024/4/17,13_isi,6.3%,
2024/4/17,13_isi,6.1%,
2024/4/17,13_isi,5.9%,
2024/4/17,13_isi,7.2%,
2024/4/17,13_isi,6.6%,
2024/4/17,13_isi,5.5%,
2024/4/17,13_isi,9.6%,
2024/4/17,13_isi,9.1%,
2024/4/17,13_isi,6.6%,
2024/4/17,13_isi,6.9%,
2024/4/17,13_isi,9.0%,
2024/4/17,13_isi,8.0%,
2024/4/23,13_isi,7.3%,
2024/4/23,13_isi,3.7%,
2024/4/23,13_isi,4.5%,
2024/4/23,13_isi,6.2%,
2024/4/23,13_isi,5.1%,
2024/4/23,13_isi,6.1%,
2024/4/23,13_isi,9.6%,
2024/4/23,13_isi,7.9%,
2024/4/23,13_isi,4.3%,
2024/4/23,13_isi,7.1%,
2024/4/23,13_isi,17.0%,
2024/4/23,13_isi,7.3%,
2024/4/23,13_isi,10.9%,
2024/4/23,13_isi,6.9%,
2024/4/23,13_isi,5.6%,
2024/4/23,13_isi,6.9%,
2024/4/23,13_isi,9.1%,
2024/4/23,13_isi,5.5%,
2024/4/23,13_isi,4.8%,
2024/4/23,13_isi,6.8%,
2024/4/23,13_isi,10.6%,
2024/4/23,13_isi,15.9%,
2024/4/23,13_isi,4.4%,
2024/4/23,13_isi,4.3%,
2024/4/23,13_isi,7.8%,
2024/4/23,13_isi,2.3%,
2024/4/23,13_isi,7.3%,
2024/4/23,13_isi,7.2%,
2024/4/23,13_isi,7.6%,
2024/4/23,13_isi,7.9%,
2024/4/23,13_isi,11.0%,
2024/4/23,13_isi,7.3%,
2024/4/23,13_isi,8.4%,
2024/4/23,13_isi,4.2%,
2024/4/23,13_isi,3.6%,
2024/4/23,13_isi,4.8%,
2024/4/23,13_isi,8.2%,
2024/4/23,13_isi,9.3%,
2024/4/23,13_isi,11.8%,
2024/4/23,13_isi,13.1%,
2024/4/23,13_isi,10.0%,
2024/4/23,13_isi,11.4%,
2024/4/23,13_isi,4.3%,
2024/4/23,13_isi,7.4%,
2024/4/23,13_isi,12.0%,
2024/4/23,13_isi,5.3%,
2024/4/23,13_isi,3.8%,
2024/4/23,13_isi,10.5%,
2024/4/23,13_isi,12.5%,
2024/4/23,13_isi,2.6%,
2025/3/10,13_isi,5.2%,
2025/3/10,13_isi,6.8%,
2025/3/10,13_isi,8.8%,
2025/3/10,13_isi,6.3%,
2025/3/10,13_isi,4.5%,
2025/3/10,13_isi,5.1%,
2025/3/10,13_isi,6.3%,
2025/3/10,13_isi,7.4%,
2025/3/10,13_isi,8.4%,
2025/3/10,13_isi,5.9%,
2025/3/10,13_isi,6.4%,
2025/3/10,13_isi,3.7%,
2025/3/10,13_isi,7.0%,
2025/3/10,13_isi,6.8%,
2025/3/10,13_isi,7.9%,
2025/3/10,13_isi,6.9%,
2025/3/10,13_isi,9.9%,
2025/3/10,13_isi,6.1%,
2025/3/10,13_isi,6.7%,
2025/3/10,13_isi,5.6%,
2025/3/10,13_isi,6.0%,
2025/3/10,13_isi,5.1%,
2025/3/10,13_isi,5.9%,
2025/3/10,13_isi,5.8%,
2025/3/10,13_isi,5.5%,
2025/3/10,13_isi,6.8%,
2025/3/10,13_isi,4.0%,
2025/3/10,13_isi,4.8%,
2025/3/10,13_isi,7.5%,
2025/3/10,13_isi,8.8%,
2025/3/10,13_isi,5.0%,
2025/3/10,13_isi,4.2%,
2025/3/10,13_isi,8.8%,
2025/3/10,13_isi,5.5%,
2025/3/10,13_isi,5.5%,
2025/3/10,13_isi,9.1%,
2025/3/10,13_isi,7.3%,
2025/3/10,13_isi,7.6%,
2025/3/10,13_isi,6.1%,
2025/3/10,13_isi,5.4%,
2025/3/24,13_isi,7.3%,
2025/3/24,13_isi,9.1%,
2025/3/24,13_isi,7.2%,
2025/3/24,13_isi,8.9%,
2025/3/24,13_isi,7.4%,
2025/3/24,13_isi,8.4%,
2025/3/24,13_isi,8.2%,
2025/3/24,13_isi,6.9%,
2025/3/24,13_isi,6.8%,
2025/3/24,13_isi,4.7%,
2025/3/24,13_isi,8.4%,
2025/3/24,13_isi,6.6%,
2025/3/24,13_isi,6.9%,
2025/3/24,13_isi,7.1%,
2025/3/24,13_isi,5.9%,
2025/3/24,13_isi,6.9%,
2025/3/24,13_isi,8.2%,
2025/3/24,13_isi,7.5%,
2025/3/24,13_isi,8.1%,
2025/3/24,13_isi,7.3%,
2025/3/24,13_isi,9.0%,
2025/3/24,13_isi,7.9%,
2025/3/24,13_isi,5.6%,
2025/3/24,13_isi,6.9%,
2025/3/24,13_isi,8.9%,
2025/3/24,13_isi,9.7%,
2025/3/24,13_isi,6.6%,
2025/3/24,13_isi,8.9%,
2025/3/24,13_isi,8.2%,
2025/3/24,13_isi,6.9%,
2025/3/24,13_isi,8.1%,
2025/3/24,13_isi,8.8%,
2025/3/24,13_isi,6.3%,
2025/3/24,13_isi,10.0%,
2025/3/24,13_isi,9.6%,
2025/3/24,13_isi,7.2%,
2025/4/9,13_isi,8.9%,
2025/4/9,13_isi,9.4%,
2025/4/9,13_isi,9.1%,
2025/4/9,13_isi,10.0%,
2025/4/9,13_isi,8.9%,
2025/4/9,13_isi,9.3%,
2025/4/9,13_isi,10.0%,
2025/4/9,13_isi,8.3%,
2025/4/9,13_isi,5.4%,
2025/4/9,13_isi,9.4%,
2025/4/9,13_isi,6.9%,
2025/4/9,13_isi,6.6%,
2025/4/9,13_isi,11.4%,
2025/4/9,13_isi,9.1%,
2025/4/9,13_isi,10.4%,
2025/4/9,13_isi,9.4%,
2025/4/9,13_isi,10.2%,
2025/4/9,13_isi,8.7%,
2025/4/9,13_isi,10.2%,
2025/4/9,13_isi,10.3%,
2025/4/9,13_isi,7.2%,
2025/4/9,13_isi,14.2%,
2025/4/9,13_isi,7.6%,
2025/4/9,13_isi,9.0%,
2025/4/9,13_isi,10.1%,
2025/4/9,13_isi,11.1%,
2025/4/9,13_isi,6.0%,
2025/4/9,13_isi,11.8%,
2025/4/9,13_isi,4.3%,
2025/4/9,13_isi,12.2%,
2025/4/9,13_isi,8.2%,
2025/4/9,13_isi,3.8%,
2025/4/9,13_isi,10.8%,
2025/4/9,13_isi,11.6%,
2025/4/9,13_isi,12.3%,
2025/4/9,13_isi,15.1%,
2025/4/9,13_isi,4.5%,
2025/4/9,13_isi,9.1%,
2025/4/9,13_isi,12.5%,
2025/4/9,13_isi,11.0%,
2025/4/18,13_isi,9.2%,
2025/4/18,13_isi,11.1%,
2025/4/18,13_isi,7.9%,
2025/4/18,13_isi,11.2%,
2025/4/18,13_isi,9.3%,
2025/4/18,13_isi,7.2%,
2025/4/18,13_isi,9.2%,
2025/4/18,13_isi,8.2%,
2025/4/18,13_isi,8.4%,
2025/4/18,13_isi,7.6%,
2025/4/18,13_isi,4.3%,
2025/4/18,13_isi,8.7%,
2025/4/18,13_isi,8.3%,
2025/4/18,13_isi,7.8%,
2025/4/18,13_isi,9.1%,
2025/4/18,13_isi,6.6%,
2025/4/18,13_isi,5.8%,
2025/4/18,13_isi,9.6%,
2025/4/18,13_isi,6.7%,
2025/4/18,13_isi,6.1%,
2025/4/18,13_isi,6.5%,
2025/4/18,13_isi,8.0%,
2025/4/18,13_isi,10.9%,
2025/4/18,13_isi,9.3%,
2025/4/18,13_isi,4.5%,
2025/4/18,13_isi,9.4%,
2025/4/18,13_isi,10.7%,
2025/4/18,13_isi,15.2%,
2025/4/18,13_isi,8.0%,
2025/4/18,13_isi,11.5%,
2025/4/18,13_isi,6.4%,
2025/4/18,13_isi,10.8%,
2025/4/18,13_isi,16.4%,
2025/4/18,13_isi,12.1%,
2025/4/18,13_isi,7.4%,
2025/4/18,13_isi,13.6%,
2025/4/18,13_isi,8.6%,
2025/4/18,13_isi,10.1%,
2025/4/18,13_isi,12.9%,
2025/4/18,13_isi,7.6%,
2025/4/28,13_isi,5.0%,
2025/4/28,13_isi,9.5%,
2025/4/28,13_isi,10.3%,
2025/4/28,13_isi,5.3%,
2025/4/28,13_isi,4.2%,
2025/4/28,13_isi,5.6%,
2025/4/28,13_isi,10.2%,
2025/4/28,13_isi,8.5%,
2025/4/28,13_isi,5.0%,
2025/4/28,13_isi,10.3%,
2025/4/28,13_isi,6.3%,
2025/4/28,13_isi,6.3%,
2025/4/28,13_isi,11.3%,
2025/4/28,13_isi,4.5%,
2025/4/28,13_isi,8.2%,
2025/4/28,13_isi,5.9%,
2025/4/28,13_isi,12.8%,
2025/4/28,13_isi,3.2%,
2025/4/28,13_isi,6.9%,
2025/4/28,13_isi,10.3%,
2025/4/28,13_isi,9.9%,
2025/4/28,13_isi,10.2%,
2025/4/28,13_isi,6.2%,
2025/4/28,13_isi,13.4%,
2025/4/28,13_isi,8.4%,
2025/4/28,13_isi,11.4%,
2025/4/28,13_isi,10.8%,
2025/4/28,13_isi,15.1%,
2025/4/28,13_isi,8.0%,
2025/4/28,13_isi,12.8%,
2025/4/28,13_isi,7.8%,
2025/4/28,13_isi,9.8%,
2025/4/28,13_isi,10.7%,
2025/4/28,13_isi,8.0%,
2025/4/28,13_isi,16.1%,
